,Time_spent_Alone,Stage_fear,Social_event_attendance,Going_outside,Drained_after_socializing,Friends_circle_size,Post_frequency,Personality
0,4.0,0,4.0,6.0,0,13.0,5.0,1
1,9.0,1,0.0,0.0,1,0.0,3.0,0
2,9.0,1,1.0,2.0,1,5.0,2.0,0
3,0.0,0,6.0,7.0,0,14.0,8.0,1
4,3.0,0,9.0,4.0,0,8.0,5.0,1
5,1.0,0,7.0,5.0,0,6.0,6.0,1
6,4.0,0,9.0,3.0,0,7.0,7.0,1
7,2.0,0,8.0,4.0,0,7.0,8.0,1
8,10.0,1,1.0,3.0,1,0.0,3.0,0
9,0.0,0,8.0,6.0,0,13.0,8.0,1
10,3.0,0,9.0,6.0,0,15.0,5.0,1
11,10.0,1,3.0,1.0,1,4.0,0.0,0
12,3.0,0,6.0,7.0,0,14.0,10.0,1
13,3.0,0,6.0,4.0,0,10.0,7.0,1
14,6.0,1,3.0,0.0,1,1.0,3.0,0
15,0.0,0,4.0,4.0,0,8.0,8.0,1
16,9.0,1,0.0,0.0,1,0.0,0.0,0
17,1.0,0,5.0,6.0,0,10.0,4.0,1
18,5.0,1,3.0,0.0,1,4.0,2.0,0
19,1.0,0,7.0,5.0,0,12.0,5.0,1
20,10.0,1,3.0,1.0,1,2.0,1.0,0
21,2.0,0,8.0,4.0,0,13.0,6.0,1
22,1.0,0,6.0,7.0,0,14.0,9.0,1
23,9.0,1,2.0,2.0,1,1.0,0.0,0
24,2.0,0,8.0,7.0,0,15.0,6.0,1
25,2.0,0,8.0,4.0,0,11.0,9.0,1
26,0.0,0,6.0,4.0,0,14.0,9.0,1
27,4.0,0,5.0,7.0,0,6.0,6.0,1
28,2.0,0,6.0,4.0,0,12.0,10.0,1
29,0.0,0,9.0,4.0,0,14.0,7.0,1
30,4.0,0,10.0,4.0,0,9.0,10.0,1
31,4.0,0,7.0,7.0,0,7.0,9.0,1
32,5.0,1,3.0,3.0,1,0.0,1.0,0
33,8.0,1,3.0,3.0,0,2.0,0.0,0
34,10.0,1,1.0,1.0,1,3.0,2.0,0
35,2.0,0,6.0,5.0,0,14.0,9.0,1
36,1.0,0,4.0,4.0,0,15.0,4.0,1
37,1.0,0,6.0,4.0,0,10.0,5.0,1
38,10.0,1,1.0,2.0,1,2.0,0.0,0
39,5.0,1,0.0,1.0,1,5.0,0.0,0
40,3.0,0,5.0,5.0,0,13.0,5.0,1
41,1.0,0,4.0,5.0,0,5.0,10.0,1
42,9.0,1,1.0,3.0,1,2.0,2.0,0
43,6.0,1,2.0,2.0,1,2.0,1.0,0
44,8.0,1,2.0,1.0,1,5.0,3.0,0
45,0.0,0,8.0,6.0,0,6.0,10.0,1
46,4.0,0,7.0,4.0,0,13.0,10.0,1
47,10.0,1,1.0,2.0,1,2.0,0.0,0
48,5.0,1,1.0,3.0,1,3.0,3.0,0
49,1.0,0,5.0,6.0,0,8.0,10.0,1
50,6.0,1,1.0,0.0,1,3.0,1.0,0
51,0.0,0,7.0,4.0,0,10.0,10.0,1
52,9.0,1,0.0,2.0,1,3.0,2.0,0
53,8.0,1,3.0,1.0,1,1.0,2.0,0
54,6.0,1,3.0,3.0,1,4.0,3.0,0
55,3.0,0,10.0,4.0,0,10.0,5.0,1
56,9.0,1,3.0,2.0,1,4.0,3.0,0
57,2.0,0,10.0,6.0,0,10.0,9.0,1
58,2.0,0,5.0,7.0,0,10.0,5.0,1
59,4.0,0,9.0,4.0,0,7.0,5.0,1
60,1.0,0,9.0,5.0,0,9.0,10.0,1
61,9.0,1,2.0,3.0,1,4.0,2.0,0
62,7.0,1,3.0,1.0,1,2.0,3.0,0
63,2.0,0,7.0,5.0,0,7.0,9.0,1
64,3.0,0,5.0,6.0,0,6.0,5.0,1
65,10.0,1,3.0,1.0,1,0.0,2.0,0
66,0.0,0,10.0,6.0,0,6.0,4.0,1
67,5.0,1,1.0,3.0,1,4.0,3.0,0
68,0.0,0,4.0,6.0,0,6.0,5.0,1
69,7.0,1,3.0,2.0,1,1.0,2.0,0
70,8.0,1,3.0,3.0,1,4.0,0.0,0
71,1.0,0,3.0,5.0,0,11.0,8.0,1
72,2.0,0,10.0,5.0,0,12.0,5.0,1
73,8.0,1,0.0,1.0,1,0.0,2.0,0
74,10.0,1,2.0,0.0,1,3.0,1.0,0
75,7.0,1,3.0,3.0,1,2.0,0.0,0
76,6.0,1,1.0,2.0,1,5.0,0.0,0
77,0.0,0,5.0,4.0,0,9.0,10.0,1
78,8.0,1,0.0,1.0,1,5.0,0.0,0
79,4.0,0,9.0,6.0,0,11.0,6.0,1
80,5.0,1,2.0,0.0,1,2.0,0.0,0
81,1.0,0,8.0,4.0,0,11.0,10.0,1
82,0.0,0,5.0,6.0,0,9.0,7.0,1
83,7.0,1,1.0,0.0,0,3.0,1.0,0
84,4.0,0,4.0,7.0,0,6.0,8.0,1
85,3.0,0,4.0,4.0,0,12.0,5.0,1
86,4.0,0,9.0,4.0,0,8.0,10.0,1
87,0.0,0,6.0,5.0,0,11.0,8.0,1
88,1.0,0,4.0,6.0,0,15.0,8.0,1
89,3.0,0,7.0,6.0,0,5.0,9.0,1
90,5.0,1,1.0,3.0,1,4.0,0.0,0
91,0.0,0,7.0,6.0,0,10.0,4.0,1
92,9.0,1,1.0,1.0,1,1.0,3.0,0
93,3.0,0,5.0,5.0,0,8.0,5.0,1
94,1.0,0,8.0,6.0,0,9.0,6.0,1
95,3.0,0,7.0,6.0,0,11.0,10.0,1
96,1.0,0,5.0,3.0,0,10.0,9.0,1
97,3.0,0,10.0,6.0,0,14.0,7.0,1
98,4.0,0,10.0,7.0,0,8.0,10.0,1
99,8.0,1,1.0,0.0,1,4.0,2.0,0
100,5.0,1,2.0,2.0,1,0.0,3.0,0
101,1.0,0,3.0,6.0,0,8.0,8.0,1
102,0.0,0,4.0,7.0,0,13.0,4.0,1
103,5.0,1,1.0,3.0,1,5.0,2.0,0
104,7.0,1,1.0,2.0,1,3.0,3.0,0
105,0.0,0,6.0,7.0,0,12.0,9.0,1
106,0.0,0,4.0,6.0,0,13.0,5.0,1
107,0.0,0,6.0,7.0,0,9.0,4.0,1
108,3.0,0,4.0,5.0,0,10.0,6.0,1
109,9.0,1,0.0,3.0,1,1.0,0.0,0
110,3.0,0,6.0,7.0,0,15.0,5.0,1
111,4.0,0,9.0,7.0,0,13.0,5.0,1
112,1.0,0,7.0,7.0,0,9.0,5.0,1
113,7.0,1,0.0,3.0,1,1.0,0.0,0
114,3.0,0,6.0,4.0,0,8.0,10.0,1
115,4.0,0,5.0,5.0,0,15.0,8.0,1
116,1.0,0,7.0,5.0,0,6.0,9.0,1
117,5.0,1,0.0,2.0,1,0.0,2.0,0
118,10.0,1,0.0,3.0,1,0.0,1.0,0
119,3.0,0,8.0,4.0,0,12.0,4.0,1
120,6.0,1,1.0,2.0,1,5.0,1.0,0
121,10.0,1,2.0,3.0,1,2.0,2.0,0
122,3.0,0,5.0,7.0,0,8.0,4.0,1
123,7.0,1,2.0,3.0,1,1.0,2.0,0
124,3.0,0,6.0,6.0,0,10.0,7.0,1
125,4.0,1,3.0,0.0,1,2.0,1.0,0
126,4.0,0,9.0,7.0,0,10.0,5.0,1
127,4.0,0,4.0,7.0,0,15.0,8.0,1
128,10.0,1,0.0,1.0,1,5.0,3.0,0
129,4.0,0,7.0,6.0,0,7.0,9.0,1
130,3.0,0,5.0,7.0,0,13.0,7.0,1
131,5.0,1,3.0,0.0,1,2.0,2.0,0
132,8.0,1,1.0,1.0,1,2.0,3.0,0
133,4.0,0,9.0,5.0,0,10.0,7.0,1
134,2.0,0,10.0,6.0,0,11.0,8.0,1
135,6.0,1,0.0,1.0,1,1.0,1.0,0
136,10.0,1,2.0,1.0,1,5.0,3.0,0
137,9.0,1,3.0,2.0,1,3.0,2.0,0
138,6.0,1,3.0,2.0,1,1.0,1.0,0
139,4.0,0,10.0,4.0,0,9.0,8.0,1
140,2.0,0,10.0,7.0,0,6.0,4.0,1
141,10.0,1,3.0,3.0,1,5.0,3.0,0
142,3.0,0,7.0,5.0,0,6.0,9.0,1
143,2.0,0,10.0,6.0,0,12.0,5.0,1
144,3.0,0,5.0,6.0,0,8.0,6.0,1
145,3.0,0,6.0,7.0,0,15.0,9.0,1
146,9.0,1,1.0,0.0,1,0.0,0.0,0
147,5.0,1,0.0,3.0,1,4.0,3.0,0
148,0.0,0,6.0,7.0,0,8.0,7.0,1
149,1.0,0,4.0,7.0,0,10.0,7.0,1
150,7.0,1,2.0,2.0,1,3.0,2.0,0
151,2.0,0,6.0,4.0,0,13.0,5.0,1
152,4.0,0,5.0,7.0,0,13.0,8.0,1
153,9.0,1,2.0,3.0,1,0.0,1.0,0
154,4.0,0,8.0,7.0,0,11.0,7.0,1
155,8.0,1,1.0,2.0,1,3.0,3.0,0
156,5.0,1,3.0,1.0,1,2.0,1.0,0
157,2.0,0,6.0,7.0,0,11.0,10.0,1
158,2.0,0,10.0,4.0,0,11.0,10.0,1
159,2.0,0,9.0,5.0,0,8.0,10.0,1
160,5.0,1,2.0,2.0,1,1.0,2.0,0
161,6.0,1,3.0,0.0,1,5.0,0.0,0
162,3.0,0,10.0,5.0,0,14.0,4.0,1
163,6.0,1,3.0,3.0,1,1.0,0.0,0
164,6.0,1,1.0,3.0,1,1.0,3.0,0
165,0.0,0,7.0,7.0,0,9.0,8.0,1
166,10.0,1,0.0,3.0,1,4.0,3.0,0
167,9.0,1,2.0,2.0,1,1.0,1.0,0
168,1.0,0,5.0,7.0,0,9.0,7.0,1
169,6.0,1,1.0,3.0,1,3.0,3.0,0
170,1.0,0,8.0,4.0,0,10.0,8.0,1
171,4.0,0,4.0,7.0,0,7.0,5.0,1
172,3.0,0,6.0,6.0,0,13.0,9.0,1
173,6.0,1,1.0,3.0,1,0.0,2.0,0
174,1.0,0,5.0,5.0,0,15.0,5.0,1
175,8.0,1,2.0,2.0,1,1.0,1.0,0
176,1.0,0,9.0,4.0,0,13.0,6.0,1
177,2.0,0,8.0,6.0,0,13.0,10.0,1
178,2.0,0,9.0,7.0,0,13.0,10.0,1
179,2.0,0,6.0,7.0,0,8.0,9.0,1
180,4.0,0,8.0,5.0,0,9.0,4.0,1
181,3.0,0,8.0,4.0,0,7.0,4.0,1
182,6.0,1,0.0,0.0,1,2.0,3.0,0
183,7.0,1,0.0,2.0,1,3.0,2.0,0
184,3.0,0,8.0,7.0,0,7.0,10.0,1
185,10.0,1,1.0,0.0,1,0.0,3.0,0
186,9.0,1,2.0,0.0,1,2.0,1.0,0
187,10.0,1,0.0,1.0,1,1.0,1.0,0
188,7.0,1,2.0,1.0,1,1.0,2.0,0
189,2.0,0,10.0,7.0,0,10.0,4.0,1
190,4.0,0,8.0,7.0,0,6.0,10.0,1
191,3.0,0,8.0,4.0,0,9.0,7.0,1
192,0.0,0,5.0,6.0,0,9.0,4.0,1
193,9.0,1,2.0,3.0,1,2.0,1.0,0
194,8.0,1,0.0,0.0,1,1.0,2.0,0
195,1.0,0,6.0,7.0,0,13.0,10.0,1
196,6.0,1,3.0,2.0,1,3.0,1.0,0
197,6.0,1,2.0,2.0,1,1.0,1.0,0
198,10.0,1,0.0,0.0,1,3.0,0.0,0
199,3.0,0,6.0,3.0,0,10.0,6.0,1
200,7.0,1,0.0,2.0,1,3.0,0.0,0
201,8.0,1,2.0,1.0,1,3.0,2.0,0
202,6.0,1,2.0,0.0,1,3.0,1.0,0
203,8.0,1,1.0,1.0,1,2.0,1.0,0
204,7.0,1,0.0,0.0,1,2.0,1.0,0
205,8.0,0,0.0,3.0,1,3.0,2.0,0
206,5.0,1,2.0,1.0,1,2.0,2.0,0
207,4.0,1,2.0,2.0,1,1.0,2.0,0
208,8.0,1,2.0,2.0,1,1.0,0.0,0
209,5.0,1,0.0,1.0,1,2.0,1.0,0
210,4.0,1,1.0,0.0,1,2.0,2.0,0
211,7.0,1,2.0,0.0,1,3.0,2.0,0
212,9.0,1,0.0,1.0,1,2.0,1.0,0
213,9.0,1,1.0,1.0,1,2.0,0.0,0
214,5.0,1,1.0,1.0,1,2.0,1.0,0
215,7.0,1,1.0,2.0,1,3.0,1.0,0
216,7.0,1,0.0,1.0,1,1.0,0.0,0
217,5.0,1,2.0,0.0,1,2.0,0.0,0
218,7.0,1,0.0,0.0,1,1.0,2.0,0
219,8.0,1,0.0,0.0,1,3.0,0.0,0
220,4.0,1,2.0,2.0,1,5.0,0.0,0
221,6.0,1,2.0,0.0,1,3.0,0.0,0
222,5.0,1,2.0,1.0,1,1.0,2.0,0
223,4.0,1,1.0,0.0,1,3.0,2.0,0
224,9.0,1,0.0,2.0,1,2.0,2.0,0
225,6.0,0,0.0,2.0,1,1.0,2.0,0
226,9.0,1,2.0,0.0,1,1.0,1.0,0
227,9.0,1,2.0,2.0,1,1.0,2.0,0
228,5.0,1,1.0,0.0,1,3.0,2.0,0
229,4.0,1,0.0,1.0,1,1.0,2.0,0
230,8.0,1,2.0,2.0,0,1.0,0.0,0
231,6.0,1,2.0,1.0,1,2.0,1.0,0
232,8.0,1,1.0,0.0,1,1.0,1.0,0
233,7.0,1,1.0,1.0,1,3.0,3.0,0
234,7.0,1,0.0,2.0,1,2.0,0.0,0
235,4.0,1,0.0,2.0,1,2.0,3.0,0
236,7.0,1,0.0,0.0,1,3.0,2.0,0
237,9.0,1,2.0,0.0,1,2.0,0.0,0
238,4.0,1,2.0,1.0,1,3.0,2.0,0
239,9.0,1,0.0,0.0,1,2.0,0.0,0
240,5.0,1,1.0,2.0,1,2.0,2.0,0
241,4.0,1,0.0,0.0,1,1.0,2.0,0
242,4.0,1,1.0,1.0,1,2.0,2.0,0
243,8.0,1,0.0,0.0,1,3.0,1.0,0
244,5.0,1,0.0,1.0,1,2.0,2.0,0
245,7.0,1,2.0,2.0,1,3.0,0.0,0
246,9.0,1,0.0,1.0,1,2.0,1.0,0
247,6.0,1,2.0,0.0,1,1.0,2.0,0
248,9.0,1,0.0,2.0,1,3.0,2.0,0
249,5.0,1,2.0,2.0,1,3.0,2.0,0
250,7.0,1,0.0,0.0,1,3.0,1.0,0
251,4.0,1,2.0,0.0,1,1.0,1.0,0
252,9.0,1,1.0,2.0,1,3.0,1.0,0
253,4.0,1,0.0,1.0,1,1.0,1.0,0
254,7.0,1,0.0,0.0,1,3.0,2.0,0
255,4.0,1,0.0,2.0,1,3.0,2.0,0
256,7.0,1,1.0,0.0,1,3.0,0.0,0
257,7.0,1,1.0,1.0,1,3.0,1.0,0
258,4.0,1,2.0,0.0,1,1.0,1.0,0
259,9.0,1,1.0,1.0,1,2.0,2.0,0
260,8.0,1,0.0,0.0,1,1.0,1.0,0
261,8.0,1,2.0,2.0,1,1.0,0.0,0
262,7.0,1,2.0,2.0,1,2.0,2.0,0
263,9.0,1,1.0,1.0,1,2.0,1.0,0
264,8.0,1,2.0,1.0,1,3.0,2.0,0
265,5.0,1,0.0,1.0,1,1.0,2.0,0
266,4.0,1,0.0,0.0,1,3.0,2.0,0
267,4.0,1,0.0,1.0,1,1.0,1.0,0
268,8.0,1,1.0,2.0,1,1.0,0.0,0
269,8.0,1,0.0,1.0,1,1.0,3.0,0
270,6.0,1,0.0,2.0,1,1.0,0.0,0
271,4.0,1,2.0,1.0,1,1.0,1.0,0
272,9.0,1,1.0,2.0,1,2.0,1.0,0
273,9.0,1,2.0,1.0,1,3.0,2.0,0
274,5.0,1,1.0,3.0,1,1.0,0.0,0
275,4.0,1,2.0,1.0,1,3.0,0.0,0
276,5.0,1,2.0,1.0,1,3.0,1.0,0
277,4.0,1,0.0,1.0,1,3.0,0.0,0
278,7.0,1,0.0,0.0,1,5.0,1.0,0
279,7.0,1,2.0,2.0,1,3.0,1.0,0
280,5.0,1,2.0,2.0,1,2.0,2.0,0
281,4.0,1,1.0,2.0,1,2.0,0.0,0
282,9.0,0,1.0,1.0,1,2.0,0.0,0
283,7.0,1,1.0,1.0,1,3.0,1.0,0
284,6.0,1,0.0,0.0,1,1.0,0.0,0
285,7.0,1,1.0,0.0,1,2.0,2.0,0
286,6.0,1,2.0,0.0,1,2.0,1.0,0
287,9.0,1,2.0,0.0,1,3.0,2.0,0
288,7.0,1,1.0,2.0,1,2.0,0.0,0
289,5.0,1,0.0,1.0,1,3.0,2.0,0
290,4.0,1,0.0,0.0,1,2.0,1.0,0
291,4.0,1,2.0,1.0,1,2.0,1.0,0
292,4.0,1,0.0,0.0,1,1.0,0.0,0
293,8.0,1,3.0,0.0,1,5.0,3.0,0
294,7.0,1,1.0,2.0,1,1.0,1.0,0
295,4.0,1,0.0,1.0,1,1.0,2.0,0
296,4.0,1,1.0,1.0,1,2.0,0.0,0
297,7.0,1,1.0,1.0,1,1.0,2.0,0
298,7.0,1,0.0,1.0,1,2.0,0.0,0
299,5.0,1,1.0,1.0,1,1.0,1.0,0
300,3.0,0,4.0,5.0,0,6.0,4.0,1
301,3.0,0,3.0,7.0,0,8.0,7.0,1
302,3.0,0,4.0,4.0,0,7.0,5.0,1
303,3.0,0,6.0,5.0,0,6.0,6.0,1
304,0.0,0,3.0,4.0,0,6.0,5.0,1
305,0.0,0,6.0,6.0,0,4.0,3.0,1
306,3.0,0,4.0,6.0,0,7.0,7.0,1
307,0.0,0,6.0,6.0,0,9.0,4.0,1
308,0.0,0,5.0,5.0,0,5.0,9.0,1
309,0.0,0,4.0,7.0,0,8.0,4.0,1
310,1.0,0,4.0,3.0,0,5.0,5.0,1
311,0.0,0,6.0,3.0,0,8.0,4.0,1
312,0.0,0,5.0,4.0,0,7.0,3.0,1
313,0.0,0,7.0,4.0,0,7.0,4.0,1
314,0.0,0,3.0,7.0,0,6.0,3.0,1
315,2.0,0,6.0,5.0,0,4.0,9.0,1
316,3.0,0,7.0,7.0,0,4.0,9.0,1
317,4.0,0,3.0,6.0,0,4.0,8.0,1
318,0.0,0,3.0,5.0,0,7.0,3.0,1
319,1.0,0,7.0,6.0,0,6.0,3.0,1
320,4.0,0,6.0,4.0,0,4.0,5.0,1
321,3.0,0,3.0,6.0,0,7.0,8.0,1
322,2.0,0,6.0,6.0,0,5.0,9.0,1
323,3.0,0,7.0,4.0,0,6.0,6.0,1
324,0.0,0,6.0,6.0,0,8.0,6.0,1
325,0.0,0,3.0,6.0,0,8.0,7.0,1
326,1.0,0,4.0,6.0,0,9.0,9.0,1
327,1.0,0,7.0,6.0,0,8.0,5.0,1
328,2.0,0,4.0,6.0,0,7.0,3.0,1
329,1.0,0,4.0,7.0,0,4.0,7.0,1
330,1.0,0,3.0,7.0,0,5.0,3.0,1
331,1.0,0,5.0,5.0,0,5.0,7.0,1
332,0.0,0,7.0,5.0,0,6.0,7.0,1
333,0.0,0,6.0,4.0,0,4.0,7.0,1
334,3.0,0,6.0,5.0,0,7.0,9.0,1
335,2.0,0,7.0,7.0,0,9.0,9.0,1
336,2.0,0,4.0,5.0,0,6.0,3.0,1
337,1.0,0,3.0,4.0,0,8.0,4.0,1
338,3.0,0,4.0,7.0,0,7.0,7.0,1
339,2.0,0,3.0,6.0,0,4.0,5.0,1
340,0.0,0,6.0,5.0,0,4.0,9.0,1
341,3.0,0,3.0,4.0,0,4.0,8.0,1
342,0.0,0,4.0,7.0,0,8.0,7.0,1
343,0.0,0,7.0,7.0,0,9.0,7.0,1
344,2.0,0,6.0,4.0,0,7.0,5.0,1
345,2.0,0,6.0,4.0,0,5.0,9.0,1
346,0.0,0,3.0,5.0,0,4.0,7.0,1
347,1.0,0,5.0,7.0,0,4.0,5.0,1
348,3.0,0,4.0,7.0,0,9.0,6.0,1
349,3.0,0,6.0,4.0,0,5.0,6.0,1
350,3.0,0,4.0,7.0,0,5.0,6.0,1
351,1.0,0,6.0,7.0,0,8.0,3.0,1
352,3.0,0,5.0,5.0,0,4.0,3.0,1
353,0.0,0,7.0,7.0,0,8.0,6.0,1
354,3.0,0,7.0,4.0,0,9.0,5.0,1
355,0.0,0,4.0,6.0,0,8.0,9.0,1
356,0.0,0,4.0,5.0,0,9.0,4.0,1
357,2.0,0,7.0,4.0,0,4.0,8.0,1
358,0.0,0,4.0,7.0,0,4.0,5.0,1
359,0.0,0,4.0,6.0,0,4.0,8.0,1
360,2.0,0,5.0,4.0,0,8.0,3.0,1
361,1.0,0,3.0,6.0,0,4.0,7.0,1
362,3.0,0,6.0,4.0,0,8.0,9.0,1
363,0.0,0,5.0,4.0,0,8.0,7.0,1
364,0.0,0,4.0,5.0,0,6.0,3.0,1
365,0.0,0,3.0,5.0,0,4.0,5.0,1
366,0.0,0,7.0,7.0,0,9.0,3.0,1
367,0.0,0,4.0,7.0,0,5.0,4.0,1
368,1.0,0,5.0,6.0,0,5.0,6.0,1
369,0.0,0,6.0,4.0,0,9.0,8.0,1
370,2.0,0,3.0,4.0,0,8.0,7.0,1
371,1.0,0,4.0,6.0,0,6.0,9.0,1
372,1.0,0,6.0,5.0,0,9.0,4.0,1
373,1.0,0,4.0,5.0,0,6.0,5.0,1
374,2.0,0,4.0,7.0,0,4.0,8.0,1
375,0.0,0,6.0,5.0,0,5.0,5.0,1
376,0.0,0,7.0,4.0,0,7.0,4.0,1
377,3.0,0,3.0,5.0,0,4.0,6.0,1
378,3.0,0,7.0,5.0,0,5.0,7.0,1
379,1.0,0,7.0,5.0,0,6.0,5.0,1
380,3.0,0,5.0,6.0,0,5.0,9.0,1
381,2.0,0,5.0,5.0,0,7.0,6.0,1
382,3.0,0,3.0,6.0,0,6.0,5.0,1
383,0.0,0,4.0,4.0,0,5.0,5.0,1
384,2.0,0,7.0,4.0,0,5.0,6.0,1
385,1.0,0,7.0,5.0,0,8.0,8.0,1
386,0.0,0,3.0,4.0,0,7.0,4.0,1
387,1.0,0,4.0,4.0,0,9.0,4.0,1
388,0.0,0,5.0,4.0,0,5.0,3.0,1
389,2.0,0,3.0,5.0,0,5.0,5.0,1
390,2.0,0,7.0,4.0,0,5.0,6.0,1
391,0.0,0,3.0,6.0,0,8.0,6.0,1
392,2.0,0,4.0,7.0,0,9.0,4.0,1
393,0.0,0,4.0,5.0,0,6.0,5.0,1
394,2.0,0,5.0,6.0,0,9.0,5.0,1
395,2.0,0,6.0,4.0,0,5.0,4.0,1
396,1.0,0,5.0,6.0,0,4.0,9.0,1
397,0.0,0,6.0,5.0,0,4.0,3.0,1
398,2.0,0,4.0,5.0,0,7.0,3.0,1
399,0.0,0,7.0,7.0,0,4.0,6.0,1
400,2.0,0,7.0,4.0,0,13.0,7.0,1
401,8.0,1,2.0,1.0,1,2.0,2.0,0
402,6.0,1,2.0,0.0,1,5.0,2.0,0
403,9.0,1,0.0,1.0,1,3.0,1.0,0
404,1.0,0,5.0,7.0,0,10.0,3.0,1
405,3.0,0,5.0,5.0,0,14.0,3.0,1
406,2.0,0,6.0,6.0,0,8.0,6.0,1
407,10.0,1,3.0,0.0,1,2.0,0.0,0
408,6.0,1,2.0,0.0,1,0.0,2.0,1
409,5.0,1,3.0,0.0,1,3.0,1.0,0
410,5.0,1,1.0,0.0,1,1.0,0.0,0
411,5.0,1,3.0,2.0,1,3.0,2.0,1
412,7.0,1,0.0,2.0,1,2.0,1.0,0
413,4.0,1,3.0,1.0,1,3.0,1.0,0
414,1.0,0,9.0,5.0,0,9.0,8.0,1
415,8.0,1,2.0,1.0,1,1.0,1.0,1
416,5.0,1,1.0,1.0,1,5.0,2.0,0
417,3.0,0,4.0,5.0,0,13.0,7.0,1
418,3.0,0,8.0,5.0,0,10.0,4.0,1
419,4.0,1,3.0,0.0,1,0.0,0.0,1
420,2.0,0,8.0,4.0,0,14.0,9.0,1
421,0.0,0,4.0,7.0,0,13.0,9.0,1
422,6.0,1,2.0,0.0,1,2.0,2.0,1
423,4.0,1,2.0,0.0,1,1.0,2.0,1
424,1.0,0,4.0,7.0,0,12.0,3.0,1
425,11.0,1,3.0,1.0,1,0.0,2.0,0
426,10.0,1,1.0,0.0,1,2.0,1.0,0
427,6.0,1,2.0,0.0,1,2.0,0.0,0
428,2.0,0,9.0,6.0,0,6.0,7.0,1
429,1.0,0,9.0,6.0,0,14.0,9.0,1
430,2.0,0,5.0,5.0,0,8.0,9.0,1
431,3.0,0,4.0,7.0,0,9.0,8.0,1
432,8.0,1,2.0,2.0,1,4.0,2.0,1
433,2.0,0,8.0,7.0,0,12.0,5.0,1
434,6.0,1,1.0,1.0,1,1.0,0.0,0
435,1.0,0,4.0,4.0,0,11.0,6.0,1
436,3.0,0,7.0,7.0,0,9.0,8.0,1
437,1.0,0,6.0,7.0,0,12.0,6.0,1
438,0.0,0,9.0,4.0,0,6.0,3.0,1
439,2.0,0,9.0,4.0,0,9.0,7.0,1
440,0.0,0,6.0,6.0,0,11.0,5.0,0
441,4.0,1,1.0,0.0,1,0.0,2.0,0
442,5.0,1,3.0,2.0,1,2.0,1.0,0
443,11.0,1,3.0,0.0,1,3.0,0.0,0
444,9.0,1,0.0,1.0,1,3.0,1.0,0
445,10.0,1,1.0,2.0,1,0.0,0.0,0
446,4.0,1,3.0,0.0,1,2.0,3.0,0
447,5.0,1,1.0,1.0,1,4.0,0.0,0
448,0.0,0,6.0,5.0,0,7.0,7.0,1
449,7.0,1,1.0,1.0,1,3.0,2.0,0
450,6.0,1,3.0,2.0,1,0.0,2.0,0
451,9.0,1,3.0,0.0,1,3.0,1.0,0
452,9.0,1,1.0,2.0,1,0.0,0.0,0
453,3.0,0,6.0,5.0,0,8.0,6.0,1
454,3.0,0,6.0,7.0,0,8.0,4.0,1
455,2.0,0,6.0,7.0,0,12.0,6.0,1
456,4.0,1,0.0,2.0,1,1.0,0.0,0
457,2.0,0,7.0,4.0,0,14.0,4.0,1
458,10.0,1,2.0,1.0,1,1.0,2.0,0
459,10.0,1,3.0,1.0,1,0.0,0.0,0
460,1.0,0,4.0,7.0,0,10.0,7.0,1
461,3.0,0,6.0,6.0,0,14.0,3.0,1
462,2.0,0,6.0,7.0,0,5.0,6.0,1
463,3.0,0,9.0,7.0,0,6.0,6.0,1
464,2.0,0,4.0,7.0,0,9.0,8.0,1
465,3.0,0,7.0,5.0,0,8.0,8.0,1
466,4.0,1,2.0,0.0,1,4.0,1.0,0
467,11.0,1,1.0,1.0,1,1.0,3.0,0
468,6.0,1,3.0,0.0,1,0.0,0.0,0
469,7.0,1,0.0,1.0,1,4.0,2.0,0
470,6.0,1,0.0,0.0,1,3.0,2.0,0
471,2.0,0,9.0,6.0,0,11.0,8.0,1
472,1.0,0,3.0,5.0,0,8.0,8.0,1
473,11.0,1,2.0,2.0,1,1.0,0.0,0
474,1.0,0,4.0,7.0,0,6.0,7.0,1
475,7.0,1,0.0,2.0,1,3.0,2.0,0
476,3.0,0,4.0,7.0,0,6.0,6.0,1
477,7.0,1,1.0,0.0,1,5.0,0.0,0
478,9.0,1,2.0,0.0,1,4.0,0.0,0
479,4.0,1,1.0,0.0,1,2.0,0.0,0
480,3.0,0,8.0,4.0,0,12.0,3.0,1
481,11.0,1,2.0,1.0,1,0.0,1.0,0
482,2.0,0,9.0,5.0,0,8.0,8.0,1
483,3.0,0,5.0,7.0,0,11.0,9.0,1
484,5.0,1,2.0,2.0,1,1.0,1.0,0
485,5.0,1,0.0,0.0,1,0.0,2.0,0
486,1.0,0,8.0,5.0,0,12.0,4.0,1
487,6.0,1,1.0,0.0,1,4.0,1.0,0
488,10.0,1,0.0,0.0,1,3.0,0.0,0
489,11.0,1,3.0,1.0,1,5.0,2.0,0
490,10.0,1,2.0,1.0,1,1.0,2.0,0
491,2.0,0,9.0,6.0,0,14.0,4.0,1
492,2.0,0,9.0,4.0,0,11.0,4.0,1
493,5.0,1,1.0,0.0,1,3.0,1.0,0
494,9.0,1,2.0,1.0,1,2.0,0.0,0
495,4.0,1,3.0,0.0,1,3.0,0.0,0
496,2.0,0,7.0,5.0,0,9.0,8.0,1
497,10.0,1,2.0,2.0,1,3.0,0.0,0
498,1.0,0,7.0,5.0,0,8.0,3.0,1
499,3.0,0,6.0,7.0,0,12.0,4.0,1
500,8.0,1,1.0,0.0,1,5.0,2.0,0
501,2.0,0,4.0,7.0,0,10.0,3.0,1
502,1.0,0,5.0,4.0,0,7.0,8.0,1
503,9.0,1,3.0,0.0,1,4.0,0.0,0
504,4.0,1,3.0,0.0,1,4.0,1.0,0
505,0.0,0,6.0,7.0,0,8.0,7.0,1
506,9.0,1,0.0,0.0,1,5.0,0.0,0
507,10.0,1,0.0,1.0,1,5.0,1.0,0
508,7.0,1,0.0,1.0,1,1.0,0.0,0
509,2.0,0,7.0,4.0,0,10.0,9.0,1
510,1.0,0,5.0,5.0,0,10.0,6.0,1
511,5.0,1,3.0,2.0,1,1.0,1.0,0
512,6.0,1,1.0,0.0,1,4.0,0.0,0
513,7.0,1,3.0,2.0,1,1.0,0.0,0
514,3.0,0,6.0,7.0,0,13.0,6.0,1
515,1.0,0,6.0,7.0,0,6.0,3.0,1
516,8.0,1,2.0,2.0,1,4.0,2.0,0
517,0.0,0,4.0,7.0,0,7.0,7.0,1
518,2.0,0,5.0,6.0,0,12.0,3.0,1
519,5.0,1,3.0,0.0,1,1.0,1.0,0
520,4.0,0,9.0,5.0,0,8.0,3.0,1
521,10.0,1,3.0,1.0,1,4.0,1.0,0
522,0.0,0,6.0,4.0,0,13.0,6.0,0
523,4.0,1,0.0,0.0,1,0.0,1.0,0
524,8.0,1,0.0,2.0,1,0.0,2.0,0
525,11.0,1,3.0,1.0,1,0.0,2.0,0
526,4.0,1,3.0,2.0,1,5.0,0.0,0
527,3.0,0,4.0,6.0,0,12.0,3.0,1
528,2.0,0,4.0,5.0,0,6.0,3.0,1
529,1.0,0,7.0,7.0,0,14.0,8.0,1
530,8.0,1,2.0,2.0,1,0.0,0.0,0
531,4.0,1,2.0,0.0,1,3.0,1.0,0
532,2.0,0,7.0,6.0,0,10.0,7.0,1
533,2.0,0,7.0,4.0,0,9.0,5.0,0
534,8.0,1,3.0,0.0,1,0.0,2.0,0
535,8.0,1,0.0,1.0,1,1.0,2.0,0
536,9.0,1,2.0,1.0,1,4.0,2.0,0
537,2.0,0,8.0,6.0,0,7.0,9.0,1
538,3.0,0,4.0,5.0,0,6.0,7.0,1
539,9.0,1,2.0,1.0,1,4.0,1.0,0
540,4.0,1,1.0,2.0,1,1.0,1.0,0
541,8.0,1,0.0,0.0,1,5.0,2.0,0
542,11.0,1,3.0,0.0,1,0.0,1.0,0
543,3.0,0,4.0,6.0,0,12.0,3.0,1
544,8.0,1,3.0,1.0,1,3.0,2.0,0
545,6.0,1,0.0,1.0,1,2.0,1.0,1
546,5.0,1,2.0,2.0,1,5.0,2.0,0
547,0.0,0,8.0,5.0,0,9.0,6.0,1
548,11.0,1,0.0,2.0,1,0.0,2.0,0
549,4.0,1,2.0,0.0,1,3.0,1.0,0
550,0.0,0,7.0,4.0,0,14.0,3.0,0
551,1.0,0,8.0,5.0,0,10.0,8.0,1
552,8.0,1,2.0,0.0,1,3.0,2.0,0
553,6.0,1,3.0,0.0,1,1.0,2.0,0
554,4.0,1,0.0,1.0,1,0.0,0.0,0
555,9.0,1,1.0,2.0,1,0.0,2.0,0
556,7.0,1,1.0,1.0,1,3.0,0.0,0
557,3.0,0,5.0,7.0,0,9.0,4.0,1
558,11.0,1,1.0,1.0,1,3.0,0.0,1
559,4.0,1,3.0,2.0,1,5.0,2.0,0
560,4.0,1,0.0,0.0,1,4.0,0.0,0
561,3.0,0,8.0,4.0,0,8.0,7.0,1
562,9.0,1,1.0,2.0,1,4.0,2.0,0
563,0.0,0,3.0,5.0,0,13.0,8.0,1
564,1.0,0,6.0,4.0,0,10.0,9.0,1
565,11.0,1,0.0,1.0,1,0.0,1.0,0
566,11.0,1,2.0,0.0,1,2.0,0.0,0
567,1.0,0,4.0,5.0,0,6.0,7.0,0
568,4.0,1,1.0,0.0,1,2.0,2.0,1
569,4.0,0,0.0,2.0,1,5.0,0.0,0
570,0.0,0,8.0,5.0,0,8.0,7.0,1
571,2.0,0,8.0,4.0,0,10.0,4.0,0
572,5.0,1,2.0,0.0,1,4.0,1.0,0
573,0.0,0,9.0,4.0,0,8.0,7.0,1
574,0.0,0,7.0,5.0,0,6.0,3.0,1
575,11.0,1,3.0,1.0,1,5.0,2.0,0
576,11.0,1,2.0,1.0,1,1.0,1.0,0
577,9.0,1,1.0,2.0,1,2.0,1.0,0
578,7.0,1,0.0,1.0,1,3.0,0.0,0
579,9.0,1,1.0,2.0,1,0.0,0.0,0
580,3.0,0,8.0,4.0,0,7.0,5.0,1
581,2.0,0,9.0,7.0,0,7.0,8.0,1
582,1.0,0,5.0,5.0,0,8.0,9.0,0
583,5.0,1,3.0,0.0,1,5.0,0.0,0
584,11.0,1,2.0,1.0,1,1.0,2.0,0
585,4.0,1,0.0,0.0,1,3.0,1.0,0
586,3.0,0,4.0,5.0,0,6.0,6.0,1
587,7.0,1,3.0,0.0,1,5.0,1.0,0
588,8.0,1,1.0,0.0,1,5.0,2.0,0
589,6.0,1,3.0,2.0,1,2.0,2.0,0
590,4.0,1,2.0,2.0,1,2.0,1.0,0
591,11.0,1,3.0,0.0,1,2.0,2.0,0
592,6.0,1,0.0,1.0,1,4.0,1.0,0
593,2.0,0,6.0,4.0,0,10.0,4.0,1
594,7.0,1,1.0,0.0,1,5.0,0.0,0
595,1.0,0,4.0,4.0,0,14.0,6.0,1
596,1.0,0,9.0,5.0,0,6.0,8.0,1
597,5.0,1,0.0,2.0,1,0.0,1.0,0
598,0.0,0,4.0,5.0,0,13.0,8.0,1
599,2.0,0,8.0,4.0,0,9.0,3.0,1
600,3.0,0,4.0,6.0,0,9.0,9.0,1
601,2.0,0,9.0,5.0,0,12.0,8.0,1
602,3.0,0,5.0,4.0,0,13.0,5.0,1
603,10.0,1,2.0,2.0,1,5.0,2.0,0
604,10.0,1,3.0,3.0,1,1.0,1.0,0
605,9.0,1,2.0,2.0,1,0.0,2.0,0
606,8.0,1,3.0,1.0,1,0.0,0.0,0
607,10.0,1,1.0,1.0,1,5.0,0.0,0
608,4.0,1,0.0,0.0,1,3.0,1.0,0
609,2.0,0,4.0,4.0,0,7.0,9.0,1
610,7.0,1,2.0,1.0,1,1.0,2.0,0
611,3.0,0,4.0,7.0,0,8.0,4.0,1
612,4.0,1,0.0,1.0,1,3.0,1.0,0
613,11.0,1,1.0,2.0,1,2.0,3.0,0
614,1.0,0,8.0,4.0,0,6.0,7.0,1
615,1.0,0,8.0,5.0,0,11.0,9.0,1
616,3.0,0,7.0,5.0,0,13.0,9.0,1
617,0.0,0,6.0,6.0,0,13.0,7.0,1
618,7.0,1,3.0,2.0,1,5.0,1.0,0
619,7.0,1,3.0,2.0,1,3.0,2.0,0
620,1.0,0,9.0,4.0,0,13.0,8.0,1
621,2.0,0,9.0,4.0,0,7.0,9.0,1
622,6.0,1,3.0,1.0,1,2.0,0.0,0
623,3.0,0,8.0,5.0,0,11.0,6.0,1
624,6.0,1,3.0,0.0,1,3.0,0.0,0
625,3.0,0,4.0,5.0,0,11.0,7.0,1
626,9.0,1,2.0,2.0,1,3.0,0.0,0
627,2.0,0,6.0,4.0,0,11.0,4.0,1
628,11.0,1,1.0,0.0,1,1.0,1.0,0
629,0.0,0,5.0,7.0,0,6.0,9.0,1
630,8.0,1,0.0,0.0,1,0.0,2.0,1
631,10.0,1,3.0,1.0,1,2.0,1.0,0
632,2.0,0,4.0,4.0,0,7.0,8.0,1
633,0.0,0,6.0,4.0,0,7.0,6.0,1
634,6.0,1,2.0,0.0,1,5.0,0.0,0
635,11.0,1,2.0,0.0,1,4.0,1.0,0
636,3.0,0,9.0,6.0,0,5.0,7.0,1
637,8.0,1,2.0,2.0,1,5.0,1.0,0
638,1.0,0,7.0,4.0,0,14.0,4.0,1
639,3.0,0,9.0,7.0,0,8.0,7.0,1
640,9.0,1,0.0,2.0,1,0.0,0.0,0
641,0.0,0,4.0,6.0,0,12.0,4.0,1
642,9.0,1,0.0,2.0,1,2.0,1.0,0
643,1.0,0,6.0,6.0,0,8.0,4.0,1
644,11.0,1,3.0,2.0,1,4.0,0.0,0
645,3.0,0,9.0,6.0,0,9.0,7.0,1
646,9.0,1,0.0,0.0,1,4.0,0.0,0
647,6.0,1,2.0,3.0,1,5.0,1.0,1
648,1.0,0,5.0,4.0,0,6.0,8.0,1
649,9.0,1,0.0,2.0,1,3.0,0.0,0
650,11.0,1,3.0,2.0,1,4.0,0.0,0
651,0.0,0,7.0,7.0,0,7.0,5.0,1
652,10.0,1,2.0,2.0,1,3.0,1.0,0
653,6.0,1,2.0,0.0,1,3.0,2.0,0
654,1.0,0,5.0,7.0,0,11.0,8.0,1
655,3.0,0,5.0,5.0,0,13.0,8.0,1
656,5.0,1,0.0,0.0,1,3.0,2.0,0
657,7.0,1,3.0,0.0,1,4.0,2.0,0
658,5.0,1,0.0,2.0,1,1.0,0.0,0
659,1.0,0,6.0,4.0,0,13.0,3.0,1
660,1.0,0,6.0,6.0,0,6.0,8.0,1
661,0.0,0,8.0,5.0,0,9.0,8.0,1
662,10.0,1,0.0,0.0,1,5.0,2.0,0
663,6.0,1,3.0,2.0,1,4.0,2.0,0
664,0.0,0,8.0,4.0,0,9.0,3.0,1
665,0.0,0,5.0,4.0,0,8.0,9.0,1
666,3.0,0,4.0,5.0,0,11.0,4.0,1
667,2.0,0,5.0,6.0,0,7.0,5.0,1
668,0.0,0,6.0,6.0,0,8.0,8.0,1
669,11.0,1,0.0,2.0,1,3.0,1.0,0
670,0.0,0,4.0,3.0,0,11.0,4.0,1
671,7.0,1,1.0,0.0,1,0.0,2.0,0
672,0.0,0,7.0,4.0,0,6.0,6.0,1
673,1.0,0,9.0,7.0,0,13.0,3.0,1
674,10.0,1,0.0,3.0,1,5.0,2.0,0
675,6.0,1,2.0,2.0,1,5.0,1.0,0
676,8.0,1,0.0,0.0,1,4.0,1.0,0
677,3.0,0,6.0,5.0,0,6.0,8.0,1
678,6.0,1,2.0,1.0,1,1.0,1.0,0
679,3.0,0,4.0,5.0,0,11.0,5.0,1
680,2.0,0,7.0,4.0,0,13.0,7.0,1
681,10.0,1,2.0,2.0,1,1.0,1.0,0
682,2.0,0,9.0,5.0,0,6.0,9.0,1
683,4.0,1,3.0,1.0,1,4.0,0.0,0
684,4.0,1,2.0,2.0,1,2.0,2.0,0
685,0.0,0,9.0,4.0,0,10.0,5.0,1
686,2.0,0,4.0,7.0,0,13.0,4.0,1
687,6.0,1,3.0,1.0,1,5.0,2.0,0
688,11.0,1,3.0,0.0,1,5.0,0.0,0
689,9.0,1,2.0,2.0,1,1.0,2.0,1
690,5.0,1,2.0,0.0,1,4.0,2.0,0
691,3.0,0,8.0,6.0,0,9.0,7.0,1
692,3.0,0,5.0,5.0,0,6.0,9.0,1
693,8.0,1,3.0,2.0,1,1.0,2.0,0
694,4.0,0,6.0,6.0,0,12.0,6.0,1
695,3.0,0,3.0,4.0,0,11.0,8.0,1
696,4.0,1,1.0,0.0,1,3.0,2.0,0
697,7.0,1,1.0,1.0,1,3.0,0.0,0
698,5.0,0,1.0,2.0,1,5.0,2.0,0
699,3.0,0,4.0,5.0,0,8.0,3.0,1
700,1.0,0,4.0,7.0,0,7.0,7.0,1
701,4.0,1,2.0,0.0,1,5.0,1.0,0
702,2.0,0,9.0,7.0,0,7.0,9.0,1
703,0.0,0,6.0,5.0,0,7.0,7.0,1
704,5.0,1,3.0,0.0,1,5.0,1.0,0
705,4.0,1,0.0,0.0,1,5.0,1.0,0
706,7.0,1,2.0,0.0,1,1.0,1.0,0
707,0.0,0,6.0,4.0,0,11.0,5.0,1
708,3.0,0,5.0,7.0,0,14.0,7.0,1
709,2.0,0,5.0,4.0,0,6.0,4.0,1
710,0.0,0,7.0,5.0,0,7.0,6.0,1
711,9.0,1,2.0,0.0,1,2.0,0.0,0
712,7.0,1,2.0,1.0,1,4.0,0.0,0
713,4.0,1,3.0,2.0,1,3.0,0.0,0
714,2.0,0,6.0,5.0,0,7.0,9.0,1
715,2.0,0,9.0,5.0,0,10.0,3.0,1
716,5.0,1,3.0,2.0,1,3.0,2.0,0
717,2.0,0,7.0,6.0,0,6.0,8.0,1
718,6.0,1,0.0,2.0,1,1.0,0.0,0
719,1.0,0,5.0,4.0,0,14.0,3.0,1
720,3.0,0,4.0,4.0,0,14.0,7.0,0
721,2.0,0,5.0,4.0,0,12.0,5.0,1
722,2.0,0,5.0,4.0,0,8.0,8.0,1
723,1.0,0,5.0,7.0,0,8.0,7.0,1
724,7.0,1,2.0,2.0,1,0.0,0.0,0
725,0.0,0,5.0,4.0,0,12.0,3.0,1
726,10.0,1,3.0,1.0,1,2.0,2.0,0
727,0.0,0,4.0,6.0,0,10.0,8.0,1
728,3.0,0,9.0,7.0,0,14.0,4.0,1
729,0.0,0,7.0,6.0,0,14.0,7.0,1
730,1.0,0,5.0,7.0,0,12.0,3.0,1
731,10.0,1,1.0,0.0,1,5.0,1.0,0
732,2.0,0,9.0,6.0,0,10.0,9.0,1
733,4.0,1,2.0,1.0,1,2.0,2.0,0
734,0.0,0,5.0,3.0,0,9.0,9.0,1
735,2.0,0,5.0,6.0,0,12.0,3.0,1
736,9.0,1,2.0,2.0,1,3.0,0.0,0
737,1.0,0,6.0,4.0,0,13.0,4.0,1
738,10.0,1,2.0,2.0,1,0.0,0.0,0
739,9.0,1,0.0,0.0,1,1.0,0.0,0
740,3.0,0,8.0,5.0,0,7.0,9.0,1
741,6.0,1,1.0,1.0,1,5.0,2.0,0
742,10.0,1,0.0,0.0,1,1.0,2.0,0
743,6.0,1,2.0,1.0,1,3.0,0.0,0
744,9.0,1,0.0,0.0,1,5.0,0.0,0
745,3.0,0,4.0,7.0,0,13.0,6.0,1
746,2.0,0,4.0,5.0,0,14.0,9.0,1
747,10.0,1,3.0,0.0,1,0.0,1.0,0
748,0.0,0,6.0,4.0,0,13.0,8.0,1
749,5.0,1,3.0,1.0,1,5.0,0.0,0
750,0.0,0,4.0,4.0,0,14.0,9.0,1
751,4.0,1,0.0,2.0,1,1.0,0.0,0
752,0.0,0,8.0,6.0,0,11.0,9.0,1
753,11.0,1,2.0,1.0,1,2.0,1.0,0
754,0.0,0,5.0,4.0,0,12.0,6.0,1
755,7.0,1,2.0,0.0,1,5.0,0.0,0
756,2.0,0,8.0,5.0,0,7.0,3.0,1
757,5.0,1,0.0,0.0,1,1.0,2.0,0
758,11.0,1,1.0,0.0,1,4.0,1.0,0
759,10.0,1,2.0,0.0,1,0.0,2.0,0
760,3.0,0,5.0,4.0,0,8.0,4.0,1
761,5.0,1,1.0,0.0,1,2.0,2.0,0
762,1.0,0,3.0,7.0,0,14.0,3.0,1
763,7.0,1,1.0,0.0,1,1.0,2.0,0
764,4.0,1,3.0,2.0,1,2.0,0.0,0
765,0.0,0,6.0,4.0,0,7.0,6.0,1
766,5.0,1,0.0,2.0,1,0.0,0.0,0
767,2.0,0,6.0,5.0,0,13.0,6.0,1
768,10.0,1,1.0,2.0,0,4.0,1.0,0
769,1.0,0,3.0,4.0,0,10.0,7.0,1
770,4.0,1,1.0,0.0,1,5.0,0.0,0
771,2.0,0,5.0,6.0,0,13.0,4.0,1
772,3.0,0,6.0,4.0,0,6.0,8.0,1
773,3.0,0,6.0,7.0,0,13.0,6.0,1
774,4.0,1,2.0,2.0,1,0.0,0.0,0
775,6.0,1,0.0,0.0,1,4.0,1.0,0
776,4.0,0,6.0,5.0,0,12.0,7.0,1
777,6.0,1,0.0,1.0,1,0.0,2.0,0
778,10.0,1,2.0,1.0,1,1.0,2.0,0
779,0.0,0,9.0,6.0,0,7.0,6.0,1
780,1.0,0,9.0,4.0,0,12.0,4.0,1
781,11.0,1,0.0,1.0,1,2.0,0.0,0
782,4.0,1,0.0,2.0,1,1.0,0.0,0
783,6.0,1,3.0,1.0,1,2.0,1.0,0
784,10.0,1,1.0,0.0,1,1.0,2.0,0
785,7.0,1,3.0,2.0,1,5.0,0.0,0
786,8.0,0,1.0,1.0,1,3.0,2.0,0
787,11.0,1,0.0,1.0,1,0.0,1.0,0
788,1.0,0,4.0,5.0,0,13.0,5.0,1
789,1.0,0,5.0,5.0,0,9.0,5.0,1
790,2.0,0,7.0,4.0,0,12.0,7.0,0
791,2.0,0,4.0,5.0,0,8.0,5.0,1
792,5.0,1,2.0,1.0,1,1.0,1.0,0
793,5.0,1,0.0,0.0,1,2.0,0.0,0
794,4.0,1,2.0,2.0,1,4.0,0.0,0
795,6.0,1,3.0,1.0,1,5.0,1.0,0
796,6.0,1,2.0,2.0,1,0.0,1.0,0
797,3.0,0,7.0,4.0,0,10.0,9.0,0
798,3.0,0,8.0,6.0,0,9.0,8.0,1
799,6.0,1,0.0,0.0,1,2.0,2.0,0
800,4.0,1,1.0,1.0,1,1.0,0.0,0
801,6.0,1,3.0,0.0,1,0.0,1.0,0
802,10.0,1,3.0,2.0,1,3.0,1.0,1
803,0.0,0,4.0,4.0,0,10.0,9.0,1
804,2.0,0,9.0,5.0,0,9.0,9.0,1
805,6.0,1,0.0,0.0,1,3.0,1.0,0
806,6.0,1,3.0,1.0,1,0.0,1.0,0
807,9.0,1,2.0,0.0,1,5.0,0.0,0
808,1.0,0,4.0,7.0,0,11.0,8.0,1
809,8.0,1,0.0,1.0,1,2.0,0.0,0
810,0.0,0,8.0,5.0,0,7.0,8.0,1
811,2.0,0,9.0,7.0,0,14.0,3.0,1
812,3.0,0,9.0,4.0,0,13.0,5.0,1
813,9.0,1,2.0,0.0,1,0.0,0.0,0
814,9.0,1,3.0,2.0,1,5.0,1.0,0
815,7.0,1,3.0,0.0,1,1.0,1.0,0
816,7.0,1,0.0,1.0,1,0.0,0.0,1
817,4.0,1,0.0,1.0,1,0.0,0.0,0
818,3.0,0,5.0,3.0,0,12.0,4.0,1
819,4.0,1,2.0,1.0,1,5.0,1.0,0
820,5.0,1,2.0,1.0,1,1.0,2.0,0
821,3.0,0,4.0,7.0,0,8.0,5.0,1
822,9.0,1,0.0,1.0,1,0.0,2.0,0
823,2.0,0,4.0,5.0,0,13.0,4.0,1
824,7.0,1,1.0,1.0,1,2.0,2.0,0
825,10.0,1,2.0,1.0,1,1.0,1.0,0
826,1.0,0,6.0,6.0,0,14.0,6.0,1
827,5.0,1,1.0,2.0,1,1.0,1.0,0
828,3.0,0,7.0,4.0,0,14.0,7.0,1
829,2.0,0,5.0,6.0,0,12.0,8.0,1
830,7.0,1,0.0,0.0,1,4.0,2.0,0
831,11.0,1,2.0,1.0,1,5.0,1.0,0
832,6.0,1,1.0,0.0,1,0.0,2.0,0
833,2.0,0,7.0,5.0,0,8.0,5.0,1
834,8.0,1,0.0,1.0,1,0.0,2.0,0
835,7.0,1,0.0,1.0,1,4.0,2.0,0
836,5.0,1,0.0,0.0,1,3.0,1.0,0
837,3.0,0,7.0,7.0,0,7.0,3.0,1
838,6.0,1,3.0,0.0,1,3.0,1.0,0
839,0.0,0,5.0,7.0,0,9.0,4.0,1
840,2.0,0,5.0,7.0,0,11.0,9.0,1
841,1.0,0,6.0,6.0,0,11.0,7.0,1
842,3.0,0,6.0,4.0,0,7.0,3.0,1
843,2.0,0,4.0,6.0,0,13.0,6.0,1
844,3.0,0,9.0,6.0,0,7.0,9.0,1
845,0.0,0,8.0,5.0,0,14.0,8.0,1
846,1.0,0,7.0,4.0,0,13.0,9.0,1
847,4.0,1,3.0,1.0,1,5.0,0.0,0
848,2.0,0,4.0,4.0,0,7.0,5.0,1
849,8.0,1,0.0,2.0,1,0.0,0.0,0
850,2.0,0,6.0,5.0,0,8.0,8.0,1
851,1.0,0,5.0,4.0,0,14.0,3.0,0
852,8.0,1,3.0,2.0,1,3.0,0.0,0
853,4.0,1,3.0,1.0,1,3.0,0.0,0
854,6.0,1,0.0,2.0,1,4.0,0.0,0
855,0.0,0,4.0,7.0,0,13.0,6.0,1
856,2.0,0,9.0,7.0,0,9.0,4.0,1
857,9.0,1,1.0,0.0,1,4.0,1.0,0
858,0.0,0,4.0,6.0,0,8.0,8.0,1
859,8.0,1,0.0,2.0,1,4.0,0.0,0
860,4.0,1,2.0,1.0,1,3.0,1.0,0
861,7.0,1,0.0,1.0,1,2.0,2.0,0
862,9.0,1,1.0,0.0,1,1.0,0.0,0
863,4.0,1,2.0,2.0,1,2.0,1.0,0
864,10.0,1,3.0,1.0,1,3.0,2.0,0
865,11.0,1,1.0,0.0,1,3.0,1.0,0
866,5.0,1,3.0,2.0,1,1.0,0.0,0
867,0.0,0,8.0,7.0,0,11.0,7.0,1
868,2.0,0,9.0,6.0,0,7.0,3.0,1
869,10.0,1,2.0,1.0,1,2.0,1.0,0
870,9.0,1,1.0,1.0,1,0.0,1.0,0
871,11.0,1,2.0,0.0,1,3.0,2.0,1
872,11.0,1,0.0,1.0,1,3.0,0.0,1
873,4.0,1,2.0,2.0,1,5.0,0.0,1
874,11.0,1,0.0,0.0,1,1.0,1.0,0
875,3.0,0,5.0,5.0,0,11.0,9.0,1
876,0.0,0,4.0,4.0,0,14.0,7.0,1
877,0.0,0,8.0,4.0,0,14.0,5.0,1
878,3.0,0,5.0,4.0,0,11.0,8.0,1
879,3.0,0,9.0,3.0,0,11.0,4.0,1
880,5.0,1,0.0,0.0,1,2.0,0.0,0
881,6.0,1,0.0,1.0,1,5.0,2.0,0
882,4.0,1,0.0,2.0,1,0.0,1.0,1
883,2.0,0,8.0,6.0,0,14.0,3.0,0
884,0.0,0,4.0,6.0,0,11.0,4.0,1
885,2.0,0,6.0,7.0,0,7.0,8.0,1
886,4.0,1,2.0,0.0,1,1.0,1.0,1
887,1.0,0,7.0,4.0,0,14.0,6.0,1
888,8.0,1,1.0,0.0,1,3.0,2.0,1
889,2.0,0,9.0,5.0,0,7.0,6.0,1
890,6.0,1,2.0,0.0,1,4.0,2.0,0
891,6.0,1,2.0,2.0,1,4.0,2.0,0
892,4.0,1,3.0,2.0,1,2.0,2.0,1
893,7.0,0,0.0,0.0,1,5.0,2.0,0
894,5.0,1,1.0,0.0,1,3.0,0.0,0
895,3.0,0,9.0,6.0,0,8.0,4.0,1
896,7.0,1,1.0,1.0,1,1.0,0.0,0
897,8.0,1,3.0,1.0,1,0.0,1.0,0
898,6.0,1,2.0,2.0,1,3.0,1.0,0
899,10.0,1,0.0,2.0,1,0.0,1.0,0
900,0.0,0,5.0,7.0,0,9.0,6.0,1
901,7.0,1,1.0,2.0,1,5.0,0.0,0
902,7.0,1,3.0,0.0,1,1.0,2.0,0
903,2.0,0,8.0,6.0,0,11.0,8.0,1
904,8.0,1,1.0,0.0,1,1.0,0.0,0
905,2.0,0,5.0,7.0,0,14.0,7.0,1
906,5.0,1,3.0,0.0,0,1.0,2.0,0
907,8.0,1,3.0,1.0,1,2.0,2.0,0
908,5.0,1,0.0,1.0,1,5.0,1.0,0
909,4.0,1,2.0,1.0,1,4.0,2.0,0
910,4.0,1,2.0,1.0,1,0.0,2.0,0
911,8.0,1,3.0,1.0,1,4.0,2.0,0
912,2.0,0,7.0,6.0,0,14.0,8.0,0
913,8.0,1,0.0,0.0,1,5.0,0.0,0
914,1.0,0,6.0,6.0,0,10.0,4.0,1
915,2.0,0,5.0,5.0,0,12.0,3.0,1
916,4.0,1,2.0,2.0,1,3.0,1.0,0
917,6.0,1,3.0,1.0,1,5.0,1.0,0
918,11.0,1,2.0,0.0,1,5.0,0.0,0
919,4.0,1,3.0,2.0,1,0.0,0.0,0
920,2.0,0,9.0,4.0,0,12.0,6.0,1
921,8.0,1,0.0,1.0,1,3.0,0.0,0
922,3.0,0,6.0,7.0,0,10.0,8.0,1
923,3.0,0,5.0,6.0,0,11.0,6.0,1
924,0.0,0,5.0,6.0,0,11.0,8.0,1
925,1.0,0,7.0,5.0,0,11.0,3.0,1
926,2.0,0,5.0,6.0,0,9.0,8.0,0
927,7.0,1,1.0,0.0,1,4.0,0.0,0
928,10.0,1,2.0,0.0,1,1.0,1.0,0
929,9.0,0,0.0,2.0,1,3.0,0.0,0
930,11.0,1,3.0,2.0,1,5.0,0.0,0
931,2.0,0,7.0,6.0,0,13.0,8.0,1
932,0.0,0,7.0,7.0,0,13.0,6.0,0
933,4.0,1,0.0,1.0,1,4.0,1.0,0
934,1.0,0,5.0,7.0,0,12.0,3.0,1
935,0.0,0,7.0,5.0,0,9.0,4.0,1
936,8.0,1,1.0,0.0,1,1.0,0.0,0
937,1.0,0,4.0,4.0,0,7.0,5.0,1
938,0.0,0,4.0,4.0,0,8.0,6.0,1
939,9.0,1,2.0,1.0,1,3.0,1.0,0
940,2.0,0,9.0,6.0,0,11.0,5.0,1
941,2.0,0,9.0,7.0,0,10.0,6.0,1
942,5.0,1,3.0,2.0,1,0.0,1.0,0
943,9.0,1,1.0,0.0,1,2.0,1.0,0
944,11.0,1,1.0,1.0,1,5.0,1.0,0
945,2.0,0,7.0,5.0,0,14.0,9.0,1
946,0.0,0,6.0,5.0,0,7.0,5.0,1
947,5.0,1,1.0,1.0,1,1.0,0.0,0
948,4.0,0,4.0,4.0,0,11.0,3.0,0
949,7.0,1,2.0,1.0,1,0.0,3.0,0
950,3.0,0,9.0,5.0,0,9.0,5.0,0
951,2.0,0,4.0,5.0,0,14.0,7.0,0
952,8.0,1,1.0,0.0,1,1.0,0.0,0
953,2.0,0,7.0,4.0,0,9.0,4.0,1
954,0.0,0,7.0,6.0,0,11.0,7.0,1
955,2.0,0,9.0,5.0,0,12.0,5.0,1
956,10.0,1,2.0,0.0,1,2.0,1.0,0
957,1.0,0,4.0,5.0,0,7.0,7.0,1
958,2.0,0,4.0,6.0,0,8.0,3.0,1
959,6.0,1,0.0,0.0,1,3.0,1.0,0
960,9.0,1,2.0,2.0,1,3.0,0.0,0
961,7.0,1,3.0,2.0,1,0.0,0.0,0
962,10.0,1,3.0,0.0,1,3.0,1.0,0
963,10.0,1,1.0,2.0,1,4.0,2.0,0
964,1.0,0,8.0,6.0,0,12.0,5.0,1
965,3.0,0,9.0,5.0,0,12.0,7.0,1
966,8.0,1,1.0,0.0,1,5.0,2.0,0
967,1.0,0,9.0,6.0,0,10.0,8.0,1
968,1.0,0,8.0,5.0,0,12.0,4.0,1
969,3.0,0,8.0,4.0,0,10.0,4.0,1
970,1.0,0,8.0,4.0,0,10.0,4.0,1
971,8.0,1,0.0,0.0,1,2.0,0.0,0
972,3.0,0,3.0,6.0,0,10.0,6.0,1
973,3.0,0,8.0,5.0,0,9.0,4.0,1
974,7.0,1,3.0,1.0,1,2.0,0.0,0
975,0.0,0,7.0,4.0,0,11.0,4.0,1
976,8.0,1,1.0,0.0,1,0.0,0.0,0
977,11.0,1,0.0,0.0,1,0.0,0.0,1
978,5.0,1,3.0,0.0,1,0.0,1.0,0
979,1.0,0,5.0,7.0,0,13.0,7.0,1
980,7.0,1,2.0,2.0,1,1.0,2.0,0
981,1.0,0,4.0,6.0,0,6.0,6.0,1
982,2.0,0,8.0,6.0,0,10.0,6.0,1
983,4.0,1,2.0,0.0,1,4.0,0.0,0
984,2.0,0,6.0,4.0,0,8.0,5.0,0
985,11.0,1,0.0,0.0,1,3.0,0.0,0
986,11.0,1,1.0,2.0,1,5.0,2.0,0
987,3.0,0,6.0,6.0,0,8.0,6.0,1
988,6.0,1,2.0,1.0,1,5.0,0.0,0
989,9.0,1,1.0,1.0,1,5.0,2.0,0
990,3.0,0,7.0,4.0,0,13.0,3.0,1
991,4.0,1,1.0,2.0,1,1.0,2.0,0
992,4.0,1,3.0,1.0,1,3.0,1.0,0
993,0.0,0,4.0,4.0,0,12.0,8.0,1
994,10.0,1,1.0,1.0,1,4.0,2.0,0
995,3.0,0,5.0,5.0,0,10.0,9.0,1
996,3.0,0,7.0,5.0,0,6.0,4.0,1
997,10.0,1,0.0,0.0,1,2.0,1.0,0
998,7.0,1,1.0,0.0,1,1.0,1.0,0
999,3.0,0,9.0,7.0,0,10.0,6.0,1
1000,11.0,1,2.0,1.0,1,0.0,0.0,0
1001,2.0,0,5.0,7.0,0,12.0,9.0,1
1002,4.0,1,3.0,0.0,1,1.0,0.0,0
1003,0.0,0,9.0,4.0,0,13.0,8.0,0
1004,3.0,0,3.0,6.0,0,12.0,6.0,1
1005,3.0,0,6.0,7.0,0,11.0,3.0,1
1006,6.0,1,0.0,1.0,1,3.0,0.0,0
1007,0.0,0,5.0,5.0,0,10.0,9.0,1
1008,7.0,1,2.0,1.0,1,2.0,2.0,0
1009,11.0,1,3.0,0.0,1,5.0,2.0,0
1010,0.0,0,8.0,4.0,0,13.0,5.0,1
1011,10.0,1,1.0,2.0,1,4.0,1.0,0
1012,2.0,0,7.0,6.0,0,14.0,7.0,1
1013,10.0,1,3.0,1.0,1,1.0,0.0,0
1014,7.0,1,0.0,2.0,1,0.0,2.0,0
1015,11.0,1,3.0,1.0,1,1.0,2.0,0
1016,0.0,0,5.0,4.0,0,12.0,5.0,1
1017,6.0,1,1.0,0.0,1,5.0,0.0,0
1018,4.0,0,7.0,5.0,0,11.0,6.0,1
1019,4.0,1,1.0,1.0,1,0.0,1.0,0
1020,8.0,1,0.0,2.0,1,2.0,2.0,0
1021,10.0,1,1.0,2.0,1,4.0,1.0,0
1022,7.0,1,2.0,0.0,1,3.0,1.0,0
1023,11.0,1,1.0,2.0,1,1.0,0.0,0
1024,9.0,1,0.0,1.0,1,4.0,1.0,0
1025,1.0,0,9.0,3.0,0,14.0,7.0,1
1026,7.0,1,0.0,2.0,1,3.0,0.0,0
1027,9.0,1,2.0,0.0,1,1.0,2.0,0
1028,7.0,1,3.0,1.0,1,1.0,1.0,0
1029,1.0,0,6.0,6.0,0,8.0,3.0,1
1030,2.0,0,9.0,6.0,0,11.0,7.0,1
1031,7.0,1,1.0,1.0,1,5.0,0.0,0
1032,10.0,1,3.0,2.0,1,4.0,1.0,0
1033,10.0,1,0.0,2.0,1,0.0,1.0,0
1034,10.0,1,3.0,0.0,1,2.0,2.0,0
1035,10.0,1,2.0,0.0,1,3.0,1.0,0
1036,8.0,1,0.0,0.0,1,5.0,2.0,0
1037,6.0,1,2.0,1.0,1,5.0,2.0,0
1038,10.0,1,0.0,1.0,1,4.0,0.0,0
1039,7.0,1,0.0,1.0,1,1.0,2.0,0
1040,0.0,0,6.0,4.0,0,11.0,7.0,1
1041,1.0,0,4.0,6.0,0,8.0,7.0,0
1042,2.0,0,5.0,6.0,0,8.0,7.0,1
1043,8.0,1,3.0,0.0,1,3.0,0.0,0
1044,0.0,0,5.0,7.0,0,10.0,6.0,1
1045,9.0,1,1.0,1.0,1,1.0,2.0,0
1046,0.0,0,4.0,7.0,0,11.0,3.0,1
1047,1.0,0,9.0,7.0,0,14.0,9.0,1
1048,7.0,1,3.0,0.0,1,3.0,0.0,1
1049,9.0,0,3.0,1.0,1,5.0,1.0,0
1050,7.0,1,2.0,2.0,1,3.0,1.0,0
1051,11.0,1,1.0,1.0,1,1.0,0.0,0
1052,0.0,0,9.0,7.0,0,14.0,7.0,1
1053,7.0,1,3.0,2.0,1,3.0,1.0,0
1054,1.0,0,6.0,4.0,0,10.0,6.0,1
1055,5.0,1,0.0,2.0,1,5.0,2.0,0
1056,10.0,0,1.0,2.0,1,3.0,2.0,0
1057,3.0,0,8.0,5.0,0,13.0,8.0,1
1058,4.0,1,0.0,1.0,1,4.0,1.0,0
1059,8.0,1,2.0,2.0,1,1.0,0.0,0
1060,3.0,0,4.0,6.0,0,8.0,3.0,1
1061,8.0,1,3.0,0.0,1,4.0,0.0,0
1062,0.0,0,5.0,4.0,0,9.0,9.0,1
1063,5.0,1,0.0,2.0,1,5.0,2.0,0
1064,0.0,0,4.0,7.0,0,7.0,6.0,1
1065,1.0,0,6.0,4.0,0,12.0,8.0,1
1066,0.0,0,4.0,5.0,0,11.0,8.0,1
1067,9.0,1,1.0,0.0,1,1.0,0.0,0
1068,8.0,1,1.0,1.0,1,0.0,1.0,0
1069,5.0,1,1.0,2.0,1,4.0,2.0,0
1070,9.0,1,3.0,2.0,1,5.0,2.0,0
1071,1.0,0,6.0,7.0,0,8.0,9.0,1
1072,0.0,0,8.0,7.0,0,9.0,8.0,1
1073,7.0,1,1.0,2.0,1,4.0,2.0,0
1074,1.0,0,7.0,7.0,0,14.0,4.0,1
1075,3.0,0,5.0,4.0,0,7.0,3.0,1
1076,3.0,0,9.0,6.0,0,13.0,6.0,1
1077,0.0,0,5.0,7.0,0,8.0,8.0,1
1078,10.0,1,3.0,2.0,1,0.0,2.0,0
1079,5.0,1,2.0,3.0,1,4.0,3.0,0
1080,2.0,0,7.0,5.0,0,13.0,6.0,1
1081,7.0,1,0.0,0.0,1,4.0,2.0,0
1082,4.0,1,2.0,2.0,1,5.0,1.0,0
1083,5.0,1,3.0,1.0,1,3.0,1.0,0
1084,10.0,1,3.0,2.0,1,4.0,2.0,0
1085,6.0,1,1.0,2.0,1,5.0,0.0,0
1086,3.0,0,4.0,6.0,0,13.0,7.0,1
1087,11.0,1,3.0,2.0,1,4.0,1.0,0
1088,9.0,1,1.0,1.0,1,2.0,0.0,0
1089,3.0,0,6.0,5.0,0,12.0,3.0,1
1090,2.0,0,8.0,6.0,0,10.0,7.0,1
1091,9.0,1,0.0,1.0,1,3.0,1.0,0
1092,1.0,0,6.0,6.0,0,10.0,3.0,1
1093,2.0,0,4.0,7.0,0,14.0,6.0,1
1094,1.0,0,5.0,5.0,0,10.0,5.0,1
1095,0.0,0,7.0,4.0,0,14.0,6.0,1
1096,1.0,0,5.0,5.0,0,8.0,6.0,1
1097,4.0,0,4.0,6.0,0,7.0,9.0,1
1098,7.0,1,3.0,0.0,1,4.0,1.0,0
1099,9.0,1,2.0,1.0,1,1.0,0.0,0
1100,3.0,0,5.0,5.0,0,6.0,7.0,1
1101,2.0,0,7.0,5.0,0,14.0,5.0,0
1102,2.0,0,5.0,5.0,0,14.0,9.0,1
1103,11.0,1,3.0,1.0,1,0.0,0.0,0
1104,7.0,1,2.0,1.0,1,2.0,2.0,0
1105,4.0,1,3.0,0.0,1,1.0,1.0,0
1106,2.0,0,7.0,6.0,0,12.0,8.0,0
1107,0.0,0,7.0,7.0,0,6.0,9.0,1
1108,10.0,1,3.0,2.0,1,2.0,1.0,0
1109,4.0,1,2.0,1.0,1,4.0,2.0,0
1110,0.0,0,8.0,4.0,0,9.0,8.0,1
1111,3.0,0,7.0,4.0,0,12.0,3.0,1
1112,2.0,0,7.0,4.0,0,7.0,5.0,1
1113,4.0,1,1.0,2.0,1,2.0,2.0,0
1114,6.0,1,2.0,1.0,1,5.0,1.0,0
1115,9.0,1,3.0,0.0,1,5.0,2.0,0
1116,6.0,1,1.0,2.0,1,5.0,2.0,0
1117,7.0,1,0.0,0.0,1,5.0,1.0,0
1118,9.0,1,2.0,1.0,1,0.0,2.0,0
1119,9.0,1,2.0,2.0,1,1.0,2.0,0
1120,4.0,1,3.0,0.0,1,5.0,2.0,0
1121,0.0,0,6.0,7.0,0,12.0,3.0,1
1122,3.0,0,6.0,6.0,0,9.0,8.0,1
1123,3.0,0,9.0,4.0,0,9.0,3.0,1
1124,1.0,0,4.0,7.0,0,6.0,6.0,1
1125,0.0,0,9.0,6.0,0,10.0,5.0,1
1126,0.0,0,6.0,5.0,0,14.0,6.0,1
1127,6.0,1,3.0,1.0,1,0.0,0.0,0
1128,9.0,1,1.0,0.0,1,4.0,1.0,0
1129,0.0,0,9.0,7.0,0,8.0,5.0,1
1130,11.0,1,1.0,1.0,1,4.0,2.0,0
1131,0.0,0,8.0,7.0,0,9.0,7.0,1
1132,2.0,0,7.0,4.0,0,10.0,7.0,1
1133,4.0,1,0.0,0.0,1,3.0,2.0,0
1134,0.0,0,5.0,7.0,0,6.0,7.0,1
1135,2.0,0,7.0,5.0,0,14.0,5.0,1
1136,4.0,1,3.0,0.0,1,5.0,0.0,0
1137,6.0,1,1.0,0.0,1,4.0,2.0,1
1138,7.0,1,2.0,2.0,1,3.0,1.0,0
1139,7.0,1,0.0,2.0,1,5.0,1.0,0
1140,3.0,0,5.0,6.0,0,12.0,3.0,1
1141,0.0,0,9.0,5.0,0,11.0,3.0,1
1142,5.0,1,0.0,0.0,1,3.0,1.0,0
1143,1.0,0,6.0,7.0,0,8.0,6.0,0
1144,5.0,1,0.0,0.0,1,4.0,0.0,0
1145,0.0,0,6.0,7.0,0,8.0,7.0,1
1146,3.0,0,4.0,4.0,0,11.0,3.0,1
1147,1.0,0,4.0,5.0,0,13.0,5.0,1
1148,7.0,1,3.0,0.0,1,1.0,2.0,0
1149,8.0,1,3.0,0.0,1,5.0,1.0,0
1150,6.0,1,1.0,1.0,1,0.0,0.0,0
1151,3.0,0,8.0,4.0,0,14.0,3.0,1
1152,11.0,1,0.0,2.0,1,2.0,2.0,0
1153,10.0,1,0.0,2.0,1,4.0,2.0,0
1154,1.0,0,6.0,6.0,0,6.0,6.0,1
1155,2.0,0,7.0,7.0,0,13.0,7.0,1
1156,8.0,1,0.0,0.0,1,0.0,0.0,0
1157,5.0,1,2.0,1.0,1,4.0,0.0,0
1158,6.0,1,1.0,2.0,1,5.0,0.0,1
1159,10.0,1,2.0,0.0,1,3.0,1.0,0
1160,1.0,0,5.0,7.0,0,6.0,9.0,1
1161,3.0,0,5.0,4.0,0,8.0,9.0,1
1162,3.0,0,7.0,4.0,0,6.0,6.0,1
1163,5.0,1,2.0,2.0,1,0.0,2.0,0
1164,5.0,1,2.0,0.0,1,0.0,1.0,0
1165,1.0,0,6.0,6.0,0,7.0,5.0,1
1166,9.0,1,0.0,0.0,1,3.0,2.0,0
1167,3.0,0,9.0,6.0,0,10.0,4.0,1
1168,8.0,1,1.0,2.0,1,5.0,1.0,0
1169,0.0,0,4.0,5.0,0,8.0,5.0,0
1170,0.0,0,8.0,6.0,0,10.0,7.0,1
1171,9.0,1,0.0,2.0,1,0.0,2.0,0
1172,11.0,1,0.0,1.0,1,3.0,0.0,1
1173,1.0,0,6.0,5.0,0,9.0,5.0,1
1174,0.0,0,4.0,4.0,0,11.0,4.0,1
1175,9.0,1,3.0,1.0,1,2.0,2.0,0
1176,3.0,0,7.0,6.0,0,14.0,9.0,1
1177,2.0,0,6.0,7.0,0,14.0,8.0,1
1178,7.0,1,3.0,0.0,1,1.0,0.0,0
1179,10.0,1,3.0,0.0,1,0.0,0.0,0
1180,2.0,0,7.0,6.0,0,7.0,6.0,1
1181,6.0,1,2.0,2.0,1,2.0,1.0,0
1182,2.0,0,4.0,4.0,0,11.0,7.0,1
1183,11.0,1,1.0,1.0,1,0.0,2.0,0
1184,7.0,1,3.0,0.0,1,1.0,0.0,0
1185,1.0,0,6.0,6.0,0,9.0,4.0,0
1186,2.0,0,9.0,5.0,0,8.0,4.0,1
1187,9.0,1,2.0,0.0,1,4.0,1.0,0
1188,1.0,0,8.0,5.0,0,10.0,4.0,1
1189,7.0,1,0.0,2.0,1,5.0,1.0,1
1190,3.0,0,4.0,4.0,0,9.0,3.0,1
1191,8.0,1,3.0,1.0,1,3.0,0.0,0
1192,0.0,0,4.0,4.0,0,7.0,7.0,0
1193,1.0,0,8.0,6.0,0,12.0,5.0,1
1194,6.0,1,1.0,1.0,1,4.0,2.0,0
1195,1.0,0,4.0,4.0,0,10.0,6.0,1
1196,6.0,1,2.0,2.0,1,0.0,2.0,1
1197,3.0,0,8.0,6.0,0,7.0,5.0,1
1198,7.0,1,2.0,0.0,1,0.0,2.0,0
1199,3.0,0,5.0,7.0,0,11.0,3.0,0
1200,11.0,1,1.0,2.0,1,4.0,2.0,0
1201,8.0,1,3.0,0.0,1,0.0,0.0,0
1202,3.0,0,9.0,6.0,0,10.0,4.0,1
1203,2.0,0,9.0,4.0,0,11.0,7.0,1
1204,9.0,1,2.0,2.0,1,3.0,0.0,0
1205,4.0,1,3.0,0.0,1,5.0,1.0,0
1206,7.0,1,1.0,0.0,1,2.0,2.0,0
1207,5.0,1,3.0,1.0,1,1.0,1.0,1
1208,2.0,0,4.0,5.0,0,13.0,9.0,1
1209,10.0,1,2.0,2.0,1,0.0,2.0,0
1210,5.0,1,0.0,2.0,1,4.0,1.0,0
1211,6.0,1,1.0,2.0,1,3.0,2.0,1
1212,8.0,1,2.0,2.0,1,0.0,0.0,0
1213,0.0,0,4.0,4.0,0,6.0,5.0,1
1214,2.0,0,9.0,6.0,0,10.0,7.0,1
1215,10.0,1,1.0,0.0,1,1.0,1.0,0
1216,4.0,0,9.0,6.0,0,8.0,8.0,1
1217,5.0,1,1.0,1.0,1,4.0,1.0,0
1218,0.0,0,6.0,7.0,0,14.0,8.0,1
1219,2.0,0,6.0,6.0,0,7.0,4.0,1
1220,0.0,0,9.0,6.0,0,8.0,3.0,1
1221,7.0,1,0.0,3.0,1,0.0,2.0,0
1222,0.0,0,8.0,7.0,0,13.0,7.0,1
1223,3.0,0,4.0,6.0,0,6.0,6.0,1
1224,2.0,0,5.0,6.0,0,13.0,9.0,1
1225,4.0,1,1.0,1.0,1,5.0,1.0,0
1226,10.0,1,1.0,2.0,1,2.0,2.0,0
1227,9.0,1,3.0,0.0,1,4.0,1.0,0
1228,0.0,0,8.0,6.0,0,11.0,4.0,1
1229,3.0,0,4.0,6.0,0,7.0,4.0,1
1230,3.0,0,9.0,7.0,0,7.0,4.0,1
1231,5.0,1,0.0,2.0,1,3.0,1.0,0
1232,10.0,1,2.0,2.0,1,5.0,1.0,0
1233,10.0,1,2.0,1.0,1,4.0,2.0,0
1234,0.0,0,4.0,4.0,0,14.0,8.0,1
1235,8.0,1,0.0,0.0,1,2.0,0.0,0
1236,2.0,0,4.0,4.0,0,11.0,9.0,1
1237,4.0,1,2.0,2.0,1,5.0,1.0,0
1238,5.0,1,3.0,1.0,1,3.0,1.0,0
1239,1.0,0,5.0,7.0,0,9.0,7.0,1
1240,11.0,1,2.0,1.0,1,5.0,2.0,0
1241,3.0,0,8.0,6.0,0,12.0,4.0,1
1242,3.0,0,9.0,5.0,0,7.0,4.0,1
1243,2.0,0,6.0,4.0,0,6.0,9.0,1
1244,0.0,0,4.0,5.0,0,7.0,8.0,0
1245,1.0,0,4.0,6.0,0,13.0,4.0,1
1246,11.0,1,0.0,1.0,1,4.0,0.0,0
1247,11.0,1,0.0,2.0,1,0.0,0.0,0
1248,2.0,0,6.0,4.0,0,7.0,6.0,1
1249,3.0,0,3.0,5.0,0,8.0,7.0,1
1250,2.0,0,4.0,5.0,0,13.0,6.0,1
1251,6.0,1,0.0,0.0,1,1.0,2.0,0
1252,5.0,0,0.0,0.0,1,3.0,2.0,0
1253,0.0,0,5.0,6.0,0,12.0,7.0,1
1254,0.0,0,6.0,4.0,0,10.0,3.0,1
1255,3.0,0,7.0,6.0,0,6.0,6.0,1
1256,2.0,0,4.0,5.0,0,14.0,7.0,1
1257,7.0,1,2.0,2.0,1,3.0,0.0,0
1258,5.0,1,0.0,0.0,1,5.0,2.0,0
1259,3.0,0,4.0,6.0,0,7.0,8.0,1
1260,2.0,0,7.0,4.0,0,12.0,3.0,1
1261,8.0,1,1.0,0.0,1,4.0,2.0,0
1262,1.0,0,4.0,4.0,0,11.0,5.0,1
1263,1.0,0,9.0,4.0,0,9.0,7.0,1
1264,10.0,1,0.0,0.0,1,5.0,0.0,0
1265,3.0,0,7.0,5.0,0,8.0,6.0,1
1266,9.0,1,3.0,0.0,1,3.0,1.0,0
1267,9.0,1,0.0,0.0,1,3.0,2.0,0
1268,6.0,1,0.0,0.0,1,0.0,1.0,0
1269,4.0,1,1.0,0.0,1,3.0,2.0,1
1270,0.0,0,5.0,5.0,0,10.0,8.0,1
1271,3.0,0,5.0,5.0,0,6.0,6.0,1
1272,9.0,1,1.0,2.0,1,0.0,2.0,1
1273,10.0,1,1.0,0.0,1,3.0,1.0,0
1274,3.0,0,8.0,6.0,0,14.0,6.0,1
1275,1.0,0,7.0,5.0,0,11.0,3.0,1
1276,7.0,1,2.0,2.0,1,0.0,1.0,0
1277,3.0,0,6.0,5.0,0,10.0,4.0,1
1278,6.0,1,2.0,1.0,1,0.0,1.0,0
1279,8.0,1,1.0,2.0,1,4.0,0.0,0
1280,4.0,1,2.0,1.0,0,3.0,0.0,0
1281,9.0,1,3.0,2.0,1,4.0,0.0,1
1282,10.0,1,3.0,2.0,1,2.0,0.0,0
1283,3.0,0,6.0,7.0,0,6.0,9.0,1
1284,0.0,0,8.0,5.0,0,9.0,5.0,1
1285,0.0,0,4.0,4.0,0,7.0,4.0,1
1286,7.0,1,0.0,2.0,1,3.0,2.0,0
1287,7.0,1,3.0,1.0,1,0.0,2.0,0
1288,8.0,1,3.0,1.0,1,2.0,2.0,0
1289,3.0,0,7.0,5.0,0,14.0,3.0,1
1290,2.0,0,5.0,7.0,0,12.0,4.0,1
1291,4.0,1,1.0,0.0,1,1.0,2.0,0
1292,8.0,1,2.0,2.0,1,4.0,0.0,0
1293,3.0,0,7.0,6.0,0,6.0,3.0,1
1294,10.0,1,3.0,1.0,1,5.0,0.0,0
1295,10.0,1,2.0,0.0,1,5.0,1.0,0
1296,5.0,0,0.0,1.0,1,4.0,0.0,0
1297,6.0,1,3.0,1.0,1,0.0,1.0,0
1298,1.0,0,6.0,5.0,0,10.0,8.0,1
1299,0.0,0,9.0,5.0,0,11.0,8.0,1
1300,1.0,0,9.0,5.0,0,8.0,8.0,1
1301,9.0,1,0.0,0.0,1,2.0,0.0,0
1302,0.0,0,6.0,4.0,0,7.0,5.0,1
1303,2.0,0,7.0,7.0,0,11.0,3.0,1
1304,11.0,1,3.0,2.0,1,3.0,2.0,0
1305,1.0,0,9.0,4.0,0,10.0,3.0,1
1306,1.0,0,6.0,6.0,0,12.0,8.0,0
1307,1.0,0,5.0,5.0,0,11.0,6.0,1
1308,7.0,1,2.0,0.0,1,2.0,0.0,0
1309,1.0,0,4.0,6.0,0,10.0,4.0,1
1310,5.0,1,2.0,0.0,1,1.0,1.0,0
1311,3.0,0,7.0,6.0,0,6.0,5.0,1
1312,10.0,1,0.0,2.0,1,3.0,1.0,0
1313,1.0,0,8.0,5.0,0,14.0,7.0,1
1314,1.0,0,7.0,4.0,0,10.0,4.0,1
1315,7.0,1,3.0,1.0,1,2.0,1.0,0
1316,0.0,0,6.0,4.0,0,8.0,6.0,1
1317,0.0,0,8.0,5.0,0,9.0,3.0,1
1318,1.0,0,6.0,5.0,0,8.0,3.0,1
1319,3.0,0,4.0,4.0,0,12.0,3.0,1
1320,2.0,0,7.0,7.0,0,10.0,8.0,1
1321,2.0,0,3.0,4.0,0,12.0,5.0,0
1322,1.0,0,9.0,4.0,0,7.0,7.0,1
1323,3.0,0,8.0,7.0,0,10.0,3.0,1
1324,1.0,0,7.0,4.0,0,7.0,3.0,1
1325,5.0,1,1.0,0.0,1,3.0,2.0,0
1326,5.0,1,2.0,2.0,1,0.0,0.0,0
1327,0.0,0,5.0,4.0,0,6.0,8.0,1
1328,1.0,0,8.0,4.0,0,9.0,7.0,1
1329,11.0,1,2.0,2.0,1,4.0,2.0,0
1330,7.0,1,1.0,2.0,1,2.0,0.0,0
1331,3.0,0,5.0,7.0,0,10.0,7.0,1
1332,9.0,1,3.0,2.0,1,1.0,2.0,0
1333,5.0,0,3.0,0.0,1,4.0,0.0,0
1334,11.0,1,2.0,2.0,1,5.0,1.0,0
1335,0.0,0,6.0,7.0,0,8.0,7.0,1
1336,4.0,1,2.0,2.0,1,2.0,2.0,0
1337,0.0,0,7.0,5.0,0,13.0,4.0,1
1338,3.0,0,6.0,5.0,0,14.0,3.0,1
1339,10.0,1,0.0,2.0,1,4.0,0.0,0
1340,2.0,0,9.0,4.0,0,14.0,3.0,1
1341,8.0,1,0.0,1.0,1,5.0,0.0,0
1342,0.0,0,5.0,7.0,0,12.0,9.0,1
1343,1.0,0,8.0,4.0,0,9.0,5.0,1
1344,11.0,1,2.0,1.0,1,3.0,1.0,1
1345,6.0,1,2.0,2.0,1,0.0,0.0,0
1346,0.0,0,5.0,5.0,0,10.0,3.0,1
1347,11.0,1,2.0,2.0,1,5.0,0.0,0
1348,1.0,0,6.0,6.0,0,11.0,6.0,1
1349,2.0,0,9.0,4.0,0,11.0,7.0,1
1350,3.0,0,4.0,7.0,0,12.0,9.0,1
1351,1.0,0,5.0,7.0,0,7.0,9.0,1
1352,1.0,0,4.0,4.0,0,11.0,3.0,1
1353,0.0,0,7.0,7.0,0,9.0,9.0,1
1354,4.0,1,2.0,0.0,1,4.0,1.0,0
1355,0.0,0,4.0,3.0,0,14.0,5.0,1
1356,7.0,1,0.0,0.0,1,1.0,2.0,0
1357,11.0,1,2.0,2.0,1,5.0,0.0,0
1358,10.0,1,2.0,1.0,1,4.0,1.0,0
1359,0.0,0,4.0,5.0,0,14.0,7.0,1
1360,0.0,0,8.0,5.0,0,11.0,6.0,1
1361,3.0,0,8.0,6.0,0,6.0,9.0,1
1362,0.0,0,7.0,7.0,0,5.0,3.0,1
1363,0.0,0,6.0,5.0,0,9.0,6.0,1
1364,5.0,1,0.0,2.0,1,2.0,2.0,0
1365,11.0,1,1.0,1.0,1,0.0,1.0,0
1366,5.0,1,0.0,2.0,1,3.0,2.0,1
1367,0.0,0,6.0,5.0,0,14.0,3.0,1
1368,0.0,0,6.0,4.0,0,6.0,7.0,1
1369,2.0,0,9.0,7.0,0,8.0,5.0,1
1370,7.0,1,3.0,2.0,1,2.0,1.0,0
1371,4.0,1,3.0,2.0,1,3.0,2.0,0
1372,1.0,0,9.0,6.0,0,14.0,7.0,1
1373,3.0,0,9.0,7.0,0,12.0,5.0,0
1374,5.0,1,3.0,2.0,1,2.0,2.0,0
1375,5.0,1,3.0,0.0,1,0.0,1.0,0
1376,8.0,1,2.0,0.0,1,2.0,0.0,1
1377,1.0,0,4.0,4.0,0,14.0,6.0,1
1378,9.0,1,0.0,1.0,1,2.0,0.0,0
1379,9.0,1,1.0,0.0,1,2.0,1.0,0
1380,8.0,1,2.0,1.0,1,5.0,2.0,0
1381,2.0,0,7.0,4.0,0,9.0,8.0,1
1382,10.0,1,2.0,2.0,1,5.0,2.0,1
1383,6.0,1,3.0,1.0,1,4.0,0.0,0
1384,3.0,0,5.0,6.0,0,14.0,3.0,1
1385,3.0,0,5.0,5.0,0,6.0,4.0,1
1386,1.0,0,5.0,4.0,0,14.0,7.0,1
1387,5.0,1,1.0,0.0,1,0.0,3.0,0
1388,0.0,0,7.0,6.0,0,8.0,4.0,1
1389,5.0,1,0.0,2.0,1,1.0,1.0,0
1390,9.0,1,1.0,1.0,1,2.0,2.0,0
1391,10.0,1,2.0,0.0,1,5.0,2.0,0
1392,4.0,1,1.0,2.0,1,3.0,2.0,0
1393,10.0,1,1.0,1.0,1,4.0,1.0,0
1394,1.0,0,6.0,5.0,0,14.0,3.0,1
1395,11.0,1,3.0,1.0,1,0.0,2.0,0
1396,7.0,1,2.0,1.0,1,4.0,0.0,0
1397,6.0,1,1.0,0.0,1,1.0,0.0,0
1398,2.0,0,6.0,5.0,0,8.0,7.0,1
1399,2.0,0,9.0,7.0,0,7.0,8.0,1
1400,11.0,1,1.0,1.0,1,4.0,0.0,0
1401,0.0,0,5.0,3.0,0,9.0,4.0,1
1402,3.0,0,8.0,5.0,0,8.0,9.0,1
1403,2.0,0,9.0,4.0,0,6.0,6.0,1
1404,2.0,0,9.0,5.0,0,13.0,7.0,0
1405,6.0,1,2.0,2.0,1,5.0,2.0,0
1406,4.0,1,3.0,2.0,1,3.0,2.0,0
1407,11.0,1,0.0,1.0,1,1.0,2.0,1
1408,1.0,0,9.0,3.0,0,8.0,7.0,1
1409,3.0,0,9.0,5.0,0,7.0,4.0,1
1410,7.0,1,1.0,1.0,1,2.0,0.0,0
1411,0.0,0,7.0,4.0,0,13.0,8.0,1
1412,2.0,0,7.0,4.0,0,11.0,7.0,1
1413,10.0,1,2.0,2.0,1,1.0,1.0,0
1414,8.0,1,1.0,1.0,1,1.0,0.0,0
1415,5.0,1,2.0,2.0,1,5.0,2.0,0
1416,9.0,1,3.0,0.0,1,4.0,0.0,0
1417,1.0,0,4.0,5.0,0,14.0,4.0,1
1418,4.0,1,0.0,1.0,1,1.0,1.0,0
1419,6.0,1,0.0,1.0,1,3.0,2.0,0
1420,1.0,0,4.0,4.0,0,7.0,6.0,1
1421,5.0,1,0.0,2.0,0,2.0,0.0,0
1422,10.0,1,0.0,2.0,1,4.0,1.0,0
1423,4.0,1,2.0,0.0,1,1.0,1.0,0
1424,11.0,1,3.0,2.0,1,3.0,2.0,0
1425,3.0,0,6.0,4.0,0,13.0,8.0,1
1426,8.0,1,0.0,0.0,1,1.0,1.0,0
1427,3.0,0,6.0,5.0,0,9.0,4.0,1
1428,2.0,0,5.0,4.0,0,11.0,3.0,1
1429,4.0,1,2.0,2.0,1,4.0,1.0,0
1430,2.0,0,7.0,4.0,0,10.0,4.0,1
1431,11.0,1,2.0,0.0,1,4.0,0.0,0
1432,4.0,1,3.0,2.0,1,1.0,0.0,0
1433,8.0,1,0.0,0.0,1,1.0,2.0,1
1434,0.0,0,4.0,6.0,0,6.0,6.0,1
1435,7.0,1,2.0,1.0,1,1.0,0.0,1
1436,11.0,1,1.0,2.0,1,4.0,0.0,0
1437,5.0,1,2.0,1.0,1,5.0,2.0,0
1438,3.0,0,5.0,4.0,0,5.0,5.0,1
1439,2.0,0,8.0,7.0,0,14.0,7.0,0
1440,7.0,1,1.0,0.0,1,5.0,0.0,0
1441,2.0,0,4.0,5.0,0,14.0,8.0,1
1442,9.0,1,0.0,2.0,1,4.0,0.0,0
1443,3.0,0,7.0,6.0,0,8.0,5.0,1
1444,11.0,1,1.0,3.0,1,4.0,2.0,0
1445,3.0,0,9.0,3.0,0,8.0,6.0,1
1446,4.0,1,0.0,1.0,1,5.0,3.0,0
1447,1.0,0,5.0,6.0,0,11.0,3.0,1
1448,0.0,0,7.0,4.0,0,8.0,4.0,1
1449,8.0,1,1.0,0.0,1,2.0,0.0,0
1450,1.0,0,4.0,3.0,0,6.0,5.0,1
1451,0.0,0,4.0,3.0,0,15.0,5.0,1
1452,3.0,0,9.0,5.0,0,14.0,6.0,1
1453,1.0,0,9.0,5.0,0,10.0,5.0,1
1454,2.0,0,9.0,6.0,0,9.0,6.0,1
1455,1.0,0,7.0,5.0,0,5.0,4.0,1
1456,9.0,1,3.0,0.0,1,3.0,1.0,0
1457,11.0,1,1.0,1.0,1,3.0,2.0,0
1458,7.0,0,1.0,0.0,1,5.0,2.0,0
1459,5.0,1,2.0,1.0,1,3.0,1.0,0
1460,9.0,1,3.0,1.0,1,2.0,0.0,0
1461,5.0,1,0.0,0.0,0,1.0,2.0,0
1462,1.0,0,4.0,4.0,0,10.0,3.0,1
1463,8.0,1,3.0,2.0,1,3.0,0.0,0
1464,9.0,1,0.0,3.0,1,5.0,1.0,0
1465,3.0,0,8.0,4.0,0,8.0,3.0,1
1466,10.0,1,3.0,3.0,1,4.0,0.0,0
1467,2.0,0,9.0,6.0,0,6.0,7.0,1
1468,7.0,1,2.0,1.0,1,5.0,2.0,0
1469,1.0,0,5.0,6.0,0,11.0,5.0,1
1470,2.0,0,6.0,3.0,0,7.0,4.0,1
1471,5.0,1,0.0,1.0,1,3.0,1.0,0
1472,8.0,1,2.0,2.0,1,1.0,2.0,0
1473,2.0,0,4.0,5.0,0,9.0,3.0,1
1474,3.0,0,9.0,4.0,0,7.0,3.0,1
1475,3.0,0,7.0,3.0,0,8.0,6.0,1
1476,2.0,0,4.0,3.0,0,11.0,6.0,1
1477,7.0,1,0.0,1.0,1,2.0,2.0,0
1478,4.0,1,3.0,2.0,1,5.0,2.0,0
1479,10.0,1,2.0,1.0,1,5.0,0.0,0
1480,1.0,0,8.0,4.0,0,11.0,4.0,1
1481,1.0,0,6.0,3.0,0,10.0,8.0,1
1482,10.0,1,0.0,1.0,1,2.0,2.0,0
1483,8.0,1,0.0,0.0,1,5.0,3.0,0
1484,5.0,1,0.0,0.0,0,5.0,1.0,0
1485,8.0,1,3.0,0.0,1,3.0,0.0,0
1486,3.0,0,6.0,5.0,0,9.0,6.0,1
1487,3.0,0,8.0,4.0,0,8.0,4.0,1
1488,3.0,0,7.0,4.0,0,12.0,5.0,1
1489,0.0,0,8.0,6.0,0,10.0,4.0,1
1490,8.0,1,1.0,0.0,1,1.0,0.0,0
1491,3.0,0,4.0,6.0,0,13.0,3.0,1
1492,0.0,0,5.0,6.0,0,5.0,4.0,1
1493,1.0,0,5.0,6.0,0,12.0,7.0,1
1494,3.0,0,6.0,5.0,0,6.0,5.0,1
1495,1.0,0,4.0,5.0,0,5.0,6.0,1
1496,2.0,0,8.0,5.0,0,9.0,6.0,1
1497,2.0,0,9.0,5.0,0,10.0,9.0,0
1498,10.0,1,2.0,0.0,1,5.0,2.0,0
1499,11.0,1,2.0,0.0,1,5.0,0.0,0
1500,11.0,1,1.0,2.0,0,4.0,2.0,0
1501,3.0,0,6.0,5.0,0,7.0,6.0,1
1502,4.0,1,2.0,1.0,1,5.0,0.0,0
1503,1.0,0,9.0,6.0,0,12.0,4.0,1
1504,1.0,0,7.0,3.0,0,12.0,3.0,1
1505,4.0,1,1.0,2.0,1,2.0,2.0,0
1506,4.0,1,3.0,1.0,1,4.0,1.0,0
1507,0.0,0,4.0,3.0,0,14.0,9.0,1
1508,9.0,1,2.0,1.0,1,2.0,0.0,0
1509,7.0,1,3.0,2.0,1,2.0,1.0,0
1510,8.0,1,0.0,2.0,1,4.0,1.0,0
1511,6.0,1,1.0,2.0,1,1.0,1.0,0
1512,2.0,0,4.0,3.0,0,5.0,5.0,1
1513,1.0,0,7.0,4.0,0,13.0,4.0,1
1514,4.0,0,7.0,4.0,0,8.0,7.0,1
1515,3.0,0,6.0,4.0,0,5.0,7.0,1
1516,2.0,0,5.0,6.0,0,11.0,9.0,1
1517,4.0,0,3.0,0.0,0,2.0,0.0,0
1518,0.0,0,9.0,3.0,0,12.0,8.0,1
1519,3.0,0,9.0,5.0,0,11.0,6.0,1
1520,3.0,0,6.0,6.0,0,10.0,8.0,1
1521,2.0,0,4.0,4.0,0,6.0,4.0,1
1522,8.0,1,0.0,2.0,0,4.0,2.0,0
1523,5.0,1,2.0,2.0,1,3.0,2.0,0
1524,11.0,1,3.0,0.0,1,3.0,0.0,0
1525,8.0,1,0.0,2.0,1,3.0,2.0,0
1526,9.0,1,0.0,0.0,1,2.0,1.0,1
1527,2.0,0,5.0,3.0,0,12.0,3.0,1
1528,7.0,1,0.0,2.0,1,1.0,2.0,0
1529,7.0,1,1.0,1.0,1,2.0,1.0,1
1530,5.0,1,0.0,1.0,1,3.0,2.0,0
1531,5.0,1,0.0,0.0,1,1.0,1.0,0
1532,5.0,1,1.0,1.0,1,4.0,3.0,0
1533,9.0,1,1.0,0.0,1,2.0,0.0,0
1534,0.0,0,7.0,5.0,0,7.0,9.0,1
1535,10.0,1,1.0,2.0,1,5.0,1.0,0
1536,3.0,0,8.0,3.0,0,8.0,3.0,1
1537,3.0,0,9.0,5.0,0,14.0,7.0,1
1538,9.0,1,0.0,1.0,1,5.0,1.0,0
1539,1.0,0,9.0,6.0,0,13.0,7.0,1
1540,3.0,0,4.0,5.0,0,11.0,3.0,1
1541,8.0,1,1.0,2.0,1,5.0,1.0,0
1542,2.0,0,7.0,6.0,0,12.0,8.0,1
1543,11.0,1,1.0,1.0,1,2.0,2.0,0
1544,10.0,1,3.0,2.0,1,1.0,2.0,0
1545,9.0,1,2.0,1.0,1,5.0,1.0,0
1546,1.0,0,9.0,3.0,0,8.0,5.0,1
1547,3.0,0,8.0,6.0,0,11.0,3.0,1
1548,10.0,1,0.0,1.0,1,4.0,0.0,0
1549,6.0,1,3.0,2.0,1,3.0,0.0,0
1550,3.0,0,9.0,3.0,0,5.0,3.0,1
1551,9.0,1,3.0,2.0,1,3.0,2.0,0
1552,1.0,0,8.0,7.0,0,14.0,6.0,0
1553,2.0,0,4.0,4.0,0,9.0,3.0,1
1554,4.0,0,8.0,4.0,0,6.0,5.0,1
1555,8.0,1,2.0,0.0,1,5.0,1.0,0
1556,0.0,0,6.0,3.0,0,7.0,7.0,1
1557,4.0,0,3.0,5.0,0,14.0,5.0,1
1558,8.0,1,0.0,0.0,1,4.0,0.0,0
1559,0.0,0,5.0,6.0,0,9.0,6.0,1
1560,9.0,1,1.0,1.0,1,2.0,2.0,0
1561,8.0,1,1.0,2.0,1,1.0,0.0,1
1562,1.0,0,9.0,6.0,0,13.0,9.0,1
1563,3.0,0,4.0,6.0,0,9.0,8.0,1
1564,11.0,1,3.0,1.0,1,4.0,2.0,0
1565,2.0,0,7.0,4.0,0,12.0,4.0,1
1566,11.0,1,3.0,1.0,1,2.0,0.0,0
1567,8.0,1,1.0,0.0,1,5.0,2.0,0
1568,7.0,1,1.0,1.0,1,3.0,0.0,0
1569,0.0,0,7.0,4.0,0,5.0,5.0,1
1570,2.0,0,9.0,5.0,0,6.0,5.0,1
1571,7.0,1,3.0,2.0,1,5.0,1.0,0
1572,1.0,0,7.0,6.0,0,13.0,7.0,1
1573,5.0,1,0.0,1.0,1,5.0,2.0,0
1574,2.0,0,5.0,3.0,0,12.0,3.0,1
1575,6.0,1,2.0,0.0,1,5.0,0.0,0
1576,4.0,0,4.0,3.0,0,6.0,7.0,1
1577,7.0,1,2.0,1.0,1,1.0,2.0,0
1578,1.0,0,4.0,3.0,0,12.0,7.0,1
1579,8.0,1,1.0,1.0,1,3.0,0.0,0
1580,10.0,1,3.0,0.0,1,1.0,1.0,0
1581,2.0,0,8.0,6.0,0,14.0,9.0,0
1582,1.0,0,8.0,3.0,0,6.0,8.0,1
1583,3.0,0,4.0,4.0,0,14.0,4.0,1
1584,11.0,1,3.0,2.0,1,5.0,2.0,0
1585,1.0,0,7.0,6.0,0,5.0,8.0,1
1586,3.0,0,6.0,4.0,0,7.0,5.0,1
1587,2.0,0,4.0,6.0,0,11.0,7.0,1
1588,3.0,0,5.0,5.0,0,8.0,8.0,1
1589,7.0,1,1.0,2.0,1,5.0,2.0,0
1590,9.0,1,3.0,1.0,1,3.0,0.0,0
1591,0.0,0,5.0,6.0,0,14.0,3.0,1
1592,2.0,0,5.0,3.0,0,12.0,8.0,1
1593,2.0,0,7.0,3.0,0,14.0,6.0,1
1594,6.0,1,1.0,2.0,1,4.0,2.0,0
1595,4.0,1,2.0,1.0,1,3.0,2.0,0
1596,11.0,1,0.0,2.0,1,3.0,0.0,1
1597,1.0,0,7.0,6.0,0,13.0,6.0,1
1598,0.0,0,8.0,6.0,0,11.0,3.0,1
1599,9.0,1,1.0,0.0,1,2.0,0.0,1
1600,3.0,0,7.0,4.0,0,6.0,9.0,1
1601,11.0,1,2.0,0.0,1,3.0,2.0,0
1602,5.0,1,2.0,1.0,1,1.0,0.0,0
1603,2.0,0,8.0,6.0,0,15.0,7.0,1
1604,3.0,0,9.0,4.0,0,10.0,5.0,1
1605,11.0,1,0.0,2.0,1,1.0,2.0,0
1606,8.0,1,2.0,0.0,1,5.0,1.0,0
1607,0.0,0,5.0,6.0,0,10.0,4.0,1
1608,10.0,1,2.0,2.0,1,3.0,0.0,0
1609,4.0,1,2.0,0.0,1,4.0,0.0,0
1610,3.0,0,5.0,4.0,0,9.0,5.0,1
1611,0.0,0,7.0,3.0,0,13.0,6.0,1
1612,1.0,0,5.0,4.0,0,7.0,6.0,1
1613,4.0,0,0.0,2.0,1,5.0,2.0,0
1614,3.0,0,7.0,3.0,0,9.0,4.0,1
1615,9.0,1,2.0,1.0,1,2.0,0.0,0
1616,7.0,1,3.0,1.0,1,1.0,0.0,0
1617,2.0,0,7.0,4.0,0,13.0,5.0,1
1618,2.0,0,3.0,4.0,0,15.0,3.0,1
1619,10.0,1,0.0,0.0,1,2.0,1.0,1
1620,2.0,0,9.0,5.0,0,5.0,5.0,1
1621,0.0,0,7.0,3.0,0,6.0,3.0,1
1622,6.0,1,3.0,2.0,1,1.0,3.0,0
1623,11.0,1,2.0,2.0,1,3.0,1.0,0
1624,4.0,1,2.0,1.0,1,5.0,2.0,0
1625,4.0,1,0.0,0.0,1,5.0,3.0,0
1626,3.0,0,7.0,3.0,0,11.0,3.0,1
1627,4.0,1,3.0,0.0,1,2.0,3.0,0
1628,0.0,0,9.0,5.0,0,15.0,9.0,1
1629,2.0,0,6.0,4.0,0,5.0,8.0,1
1630,1.0,0,9.0,6.0,0,9.0,8.0,1
1631,4.0,0,6.0,3.0,0,15.0,6.0,1
1632,0.0,0,3.0,6.0,0,12.0,8.0,1
1633,4.0,0,9.0,5.0,0,10.0,3.0,1
1634,6.0,1,3.0,3.0,1,3.0,1.0,0
1635,2.0,0,4.0,6.0,0,8.0,7.0,1
1636,10.0,1,1.0,2.0,1,1.0,2.0,0
1637,7.0,1,2.0,0.0,1,4.0,2.0,0
1638,2.0,0,7.0,4.0,0,12.0,8.0,1
1639,8.0,0,0.0,0.0,1,1.0,0.0,0
1640,8.0,1,0.0,0.0,1,2.0,1.0,1
1641,2.0,0,4.0,5.0,0,13.0,6.0,1
1642,2.0,0,7.0,6.0,0,12.0,4.0,1
1643,4.0,1,0.0,3.0,1,1.0,2.0,0
1644,10.0,1,2.0,0.0,1,1.0,1.0,0
1645,3.0,0,6.0,5.0,0,6.0,7.0,1
1646,10.0,1,0.0,0.0,1,4.0,0.0,0
1647,2.0,0,7.0,3.0,0,9.0,7.0,1
1648,0.0,0,8.0,3.0,0,8.0,5.0,1
1649,7.0,1,2.0,1.0,1,1.0,2.0,1
1650,10.0,1,2.0,1.0,1,4.0,1.0,0
1651,10.0,1,2.0,0.0,1,3.0,1.0,0
1652,3.0,0,8.0,4.0,0,12.0,7.0,1
1653,6.0,1,1.0,0.0,0,5.0,2.0,0
1654,7.0,1,2.0,2.0,1,4.0,1.0,0
1655,7.0,1,2.0,0.0,1,2.0,1.0,1
1656,1.0,0,5.0,5.0,0,11.0,3.0,1
1657,0.0,0,9.0,4.0,0,10.0,3.0,1
1658,1.0,0,4.0,3.0,0,10.0,4.0,1
1659,6.0,1,3.0,2.0,1,4.0,1.0,0
1660,4.0,0,4.0,3.0,0,5.0,5.0,1
1661,10.0,1,0.0,1.0,1,3.0,2.0,1
1662,8.0,1,0.0,1.0,1,1.0,1.0,0
1663,0.0,0,9.0,6.0,0,15.0,6.0,1
1664,3.0,0,4.0,4.0,0,11.0,7.0,1
1665,0.0,0,4.0,6.0,0,14.0,5.0,1
1666,1.0,0,9.0,3.0,0,5.0,7.0,1
1667,0.0,0,4.0,3.0,0,12.0,7.0,1
1668,6.0,1,2.0,2.0,1,1.0,2.0,0
1669,8.0,1,3.0,2.0,1,3.0,2.0,0
1670,0.0,0,9.0,3.0,0,5.0,6.0,1
1671,2.0,0,7.0,6.0,0,12.0,7.0,1
1672,4.0,0,8.0,6.0,0,5.0,7.0,1
1673,1.0,0,7.0,3.0,0,9.0,3.0,1
1674,2.0,0,9.0,5.0,0,11.0,3.0,1
1675,2.0,0,7.0,4.0,0,6.0,4.0,1
1676,3.0,0,9.0,3.0,0,8.0,4.0,1
1677,0.0,0,6.0,5.0,0,12.0,6.0,1
1678,0.0,0,4.0,6.0,0,14.0,5.0,1
1679,2.0,0,4.0,5.0,0,5.0,9.0,1
1680,0.0,0,4.0,4.0,0,6.0,5.0,1
1681,6.0,1,0.0,1.0,1,2.0,2.0,0
1682,9.0,1,0.0,0.0,1,4.0,2.0,0
1683,7.0,1,1.0,3.0,0,5.0,1.0,0
1684,0.0,0,9.0,5.0,0,12.0,4.0,1
1685,4.0,1,0.0,1.0,1,4.0,3.0,0
1686,6.0,1,0.0,2.0,1,5.0,2.0,0
1687,1.0,0,8.0,3.0,0,5.0,9.0,1
1688,10.0,1,0.0,2.0,1,5.0,1.0,0
1689,3.0,0,8.0,4.0,0,15.0,4.0,1
1690,7.0,1,2.0,0.0,1,1.0,0.0,0
1691,9.0,1,1.0,1.0,1,4.0,1.0,0
1692,3.0,0,6.0,5.0,0,13.0,9.0,1
1693,10.0,1,3.0,2.0,1,2.0,2.0,0
1694,4.0,1,1.0,0.0,1,2.0,0.0,0
1695,2.0,0,7.0,3.0,0,12.0,3.0,1
1696,0.0,0,7.0,5.0,0,14.0,6.0,1
1697,5.0,0,3.0,2.0,1,3.0,2.0,0
1698,2.0,0,6.0,4.0,0,15.0,3.0,1
1699,4.0,1,1.0,0.0,1,2.0,1.0,0
1700,4.0,1,2.0,0.0,1,5.0,1.0,0
1701,0.0,0,9.0,6.0,0,12.0,5.0,1
1702,2.0,0,6.0,3.0,0,5.0,4.0,1
1703,2.0,0,9.0,4.0,0,15.0,5.0,1
1704,10.0,1,0.0,2.0,1,4.0,1.0,1
1705,0.0,0,8.0,4.0,0,14.0,7.0,1
1706,1.0,0,8.0,3.0,0,14.0,6.0,1
1707,8.0,1,2.0,2.0,1,5.0,1.0,0
1708,3.0,0,4.0,3.0,0,15.0,9.0,1
1709,9.0,1,3.0,0.0,1,5.0,1.0,0
1710,7.0,1,0.0,0.0,1,1.0,0.0,0
1711,8.0,1,1.0,0.0,1,5.0,2.0,0
1712,10.0,1,2.0,2.0,1,2.0,1.0,0
1713,3.0,0,8.0,5.0,0,14.0,3.0,1
1714,4.0,0,9.0,5.0,0,9.0,6.0,1
1715,2.0,0,7.0,5.0,0,5.0,6.0,1
1716,10.0,1,3.0,0.0,1,3.0,0.0,0
1717,0.0,0,6.0,7.0,0,13.0,9.0,0
1718,8.0,1,0.0,2.0,1,4.0,1.0,0
1719,11.0,1,1.0,0.0,1,2.0,2.0,0
1720,0.0,0,8.0,6.0,0,9.0,3.0,1
1721,11.0,1,0.0,0.0,1,2.0,2.0,1
1722,3.0,0,6.0,3.0,0,6.0,5.0,1
1723,9.0,1,3.0,2.0,1,4.0,1.0,0
1724,0.0,0,9.0,5.0,0,11.0,6.0,1
1725,0.0,0,4.0,6.0,0,8.0,3.0,1
1726,1.0,0,5.0,6.0,0,10.0,3.0,1
1727,2.0,0,6.0,4.0,0,8.0,8.0,1
1728,10.0,1,2.0,1.0,1,4.0,1.0,0
1729,6.0,1,0.0,1.0,1,3.0,2.0,0
1730,11.0,1,0.0,2.0,1,2.0,0.0,0
1731,2.0,0,8.0,4.0,0,15.0,4.0,1
1732,7.0,1,2.0,2.0,1,4.0,2.0,0
1733,8.0,1,2.0,2.0,1,1.0,0.0,0
1734,4.0,1,3.0,0.0,1,1.0,2.0,0
1735,10.0,1,1.0,2.0,1,3.0,0.0,0
1736,0.0,0,9.0,3.0,0,11.0,4.0,1
1737,3.0,0,9.0,3.0,0,5.0,5.0,1
1738,2.0,0,9.0,4.0,0,5.0,8.0,1
1739,8.0,1,3.0,1.0,1,1.0,2.0,0
1740,3.0,0,9.0,3.0,0,7.0,5.0,1
1741,1.0,0,5.0,3.0,0,12.0,9.0,1
1742,9.0,1,2.0,2.0,1,1.0,0.0,0
1743,8.0,1,0.0,2.0,0,5.0,0.0,0
1744,11.0,1,3.0,0.0,1,4.0,0.0,0
1745,2.0,0,4.0,6.0,0,7.0,4.0,1
1746,2.0,0,4.0,4.0,0,8.0,8.0,1
1747,1.0,0,8.0,6.0,0,12.0,8.0,0
1748,9.0,1,3.0,0.0,1,5.0,1.0,0
1749,0.0,0,8.0,5.0,0,15.0,8.0,1
1750,3.0,0,5.0,6.0,0,5.0,9.0,1
1751,1.0,0,5.0,6.0,0,10.0,6.0,1
1752,1.0,0,5.0,4.0,0,12.0,9.0,1
1753,10.0,1,3.0,1.0,1,3.0,2.0,0
1754,9.0,1,3.0,1.0,1,3.0,1.0,0
1755,0.0,0,8.0,5.0,0,5.0,3.0,1
1756,4.0,1,1.0,0.0,1,5.0,0.0,0
1757,8.0,1,2.0,2.0,1,2.0,2.0,1
1758,1.0,0,4.0,5.0,0,11.0,8.0,1
1759,10.0,1,0.0,0.0,1,1.0,2.0,1
1760,7.0,1,3.0,1.0,1,2.0,1.0,0
1761,3.0,0,8.0,6.0,0,10.0,8.0,1
1762,10.0,1,3.0,0.0,1,5.0,2.0,0
1763,3.0,0,5.0,6.0,0,11.0,9.0,1
1764,1.0,0,5.0,4.0,0,12.0,4.0,1
1765,10.0,1,2.0,0.0,1,4.0,0.0,0
1766,2.0,0,4.0,5.0,0,5.0,4.0,1
1767,0.0,0,5.0,4.0,0,10.0,8.0,1
1768,0.0,0,8.0,7.0,0,11.0,7.0,0
1769,8.0,1,3.0,0.0,1,5.0,2.0,0
1770,4.0,1,3.0,2.0,1,3.0,0.0,0
1771,6.0,1,1.0,3.0,1,3.0,0.0,0
1772,6.0,1,0.0,1.0,1,4.0,2.0,0
1773,0.0,0,4.0,4.0,0,11.0,4.0,1
1774,8.0,1,0.0,2.0,1,1.0,2.0,0
1775,5.0,1,2.0,2.0,1,5.0,0.0,0
1776,2.0,0,8.0,3.0,0,5.0,6.0,1
1777,6.0,1,0.0,2.0,1,1.0,1.0,0
1778,10.0,1,2.0,1.0,1,3.0,1.0,1
1779,7.0,1,0.0,1.0,1,1.0,0.0,0
1780,9.0,1,3.0,2.0,1,4.0,0.0,0
1781,2.0,0,5.0,6.0,0,7.0,6.0,1
1782,0.0,0,7.0,5.0,0,13.0,7.0,1
1783,1.0,0,8.0,3.0,0,8.0,9.0,1
1784,1.0,0,4.0,3.0,0,10.0,5.0,1
1785,1.0,0,9.0,3.0,0,8.0,7.0,1
1786,10.0,1,0.0,0.0,1,2.0,0.0,0
1787,11.0,1,3.0,2.0,1,4.0,1.0,0
1788,2.0,0,7.0,4.0,0,9.0,6.0,1
1789,3.0,0,9.0,4.0,0,5.0,6.0,1
1790,11.0,1,1.0,2.0,1,2.0,2.0,1
1791,4.0,1,0.0,1.0,1,2.0,0.0,0
1792,7.0,1,2.0,0.0,1,2.0,1.0,0
1793,4.0,0,8.0,4.0,0,12.0,4.0,1
1794,9.0,1,0.0,1.0,1,2.0,3.0,0
1795,0.0,0,6.0,5.0,0,10.0,3.0,1
1796,3.0,0,9.0,6.0,0,12.0,7.0,1
1797,6.0,1,0.0,1.0,1,4.0,1.0,0
1798,1.0,0,4.0,6.0,0,11.0,6.0,1
1799,3.0,0,4.0,6.0,0,14.0,6.0,1
1800,6.0,1,1.0,0.0,1,2.0,3.0,0
1801,2.0,0,9.0,3.0,0,6.0,7.0,1
1802,1.0,0,8.0,3.0,0,5.0,9.0,1
1803,4.0,0,7.0,3.0,0,15.0,7.0,1
1804,7.0,1,0.0,2.0,1,4.0,2.0,0
1805,10.0,1,2.0,2.0,1,2.0,1.0,1
1806,10.0,1,0.0,0.0,0,3.0,2.0,0
1807,8.0,1,0.0,0.0,1,2.0,1.0,0
1808,3.0,0,8.0,5.0,0,11.0,6.0,1
1809,5.0,1,3.0,1.0,1,1.0,2.0,0
1810,8.0,1,3.0,1.0,1,3.0,2.0,0
1811,3.0,0,7.0,4.0,0,13.0,3.0,1
1812,2.0,0,5.0,6.0,0,11.0,4.0,1
1813,0.0,0,5.0,3.0,0,14.0,5.0,1
1814,0.0,0,3.0,5.0,0,9.0,6.0,1
1815,10.0,1,2.0,2.0,1,3.0,0.0,0
1816,4.0,1,2.0,1.0,1,4.0,0.0,0
1817,10.0,1,2.0,0.0,1,2.0,1.0,0
1818,0.0,0,5.0,3.0,0,8.0,6.0,1
1819,0.0,0,6.0,6.0,0,10.0,3.0,1
1820,1.0,0,3.0,5.0,0,6.0,9.0,1
1821,3.0,0,8.0,4.0,0,9.0,8.0,1
1822,8.0,1,1.0,1.0,1,2.0,1.0,0
1823,1.0,0,9.0,3.0,0,7.0,8.0,1
1824,9.0,1,0.0,0.0,1,3.0,0.0,0
1825,0.0,0,6.0,3.0,0,6.0,5.0,1
1826,10.0,1,3.0,1.0,1,1.0,2.0,0
1827,3.0,0,6.0,4.0,0,5.0,6.0,1
1828,6.0,1,0.0,0.0,1,2.0,2.0,0
1829,10.0,1,2.0,1.0,1,2.0,1.0,0
1830,9.0,1,3.0,2.0,1,5.0,2.0,0
1831,0.0,0,5.0,3.0,0,15.0,5.0,1
1832,0.0,0,5.0,4.0,0,11.0,3.0,1
1833,5.0,1,3.0,1.0,1,4.0,2.0,0
1834,9.0,1,0.0,2.0,1,1.0,2.0,0
1835,3.0,0,5.0,4.0,0,10.0,6.0,1
1836,4.0,1,0.0,1.0,0,5.0,0.0,0
1837,3.0,0,7.0,4.0,0,15.0,7.0,1
1838,3.0,0,5.0,6.0,0,12.0,3.0,1
1839,2.0,0,8.0,6.0,0,10.0,9.0,0
1840,4.0,1,0.0,2.0,1,4.0,0.0,0
1841,0.0,0,5.0,6.0,0,13.0,8.0,1
1842,11.0,1,2.0,2.0,1,2.0,2.0,0
1843,4.0,1,3.0,0.0,1,5.0,2.0,0
1844,0.0,0,6.0,6.0,0,8.0,7.0,1
1845,1.0,0,6.0,5.0,0,5.0,9.0,1
1846,2.0,0,5.0,4.0,0,5.0,4.0,1
1847,0.0,0,7.0,3.0,0,8.0,7.0,1
1848,6.0,1,1.0,0.0,1,2.0,0.0,0
1849,5.0,1,1.0,0.0,1,4.0,2.0,0
1850,1.0,0,6.0,5.0,0,13.0,3.0,1
1851,0.0,0,5.0,3.0,0,5.0,8.0,1
1852,5.0,1,3.0,3.0,1,1.0,0.0,0
1853,3.0,0,8.0,6.0,0,15.0,5.0,1
1854,8.0,1,2.0,1.0,1,5.0,2.0,0
1855,0.0,0,7.0,5.0,0,11.0,9.0,1
1856,5.0,1,3.0,0.0,1,5.0,1.0,0
1857,7.0,1,2.0,1.0,1,4.0,2.0,0
1858,5.0,1,3.0,0.0,1,5.0,0.0,0
1859,0.0,0,7.0,7.0,0,14.0,8.0,0
1860,2.0,0,9.0,5.0,0,14.0,7.0,0
1861,0.0,0,6.0,5.0,0,12.0,5.0,1
1862,3.0,0,8.0,6.0,0,6.0,7.0,1
1863,3.0,0,5.0,6.0,0,7.0,4.0,1
1864,0.0,0,4.0,5.0,0,9.0,6.0,1
1865,10.0,1,0.0,0.0,1,5.0,3.0,0
1866,4.0,1,0.0,0.0,1,1.0,1.0,0
1867,1.0,0,8.0,3.0,0,14.0,9.0,1
1868,10.0,1,1.0,0.0,1,5.0,2.0,0
1869,3.0,0,6.0,4.0,0,8.0,6.0,1
1870,7.0,1,1.0,2.0,1,4.0,2.0,0
1871,0.0,0,8.0,3.0,0,11.0,4.0,1
1872,5.0,1,1.0,1.0,1,5.0,0.0,0
1873,3.0,0,6.0,5.0,0,13.0,8.0,1
1874,3.0,0,6.0,5.0,0,10.0,6.0,1
1875,2.0,0,9.0,3.0,0,10.0,3.0,1
1876,11.0,1,0.0,2.0,1,2.0,1.0,0
1877,3.0,0,6.0,4.0,0,13.0,3.0,1
1878,2.0,0,5.0,4.0,0,13.0,3.0,1
1879,3.0,0,7.0,5.0,0,13.0,5.0,1
1880,0.0,0,8.0,4.0,0,5.0,3.0,1
1881,2.0,0,4.0,5.0,0,8.0,3.0,1
1882,4.0,1,2.0,1.0,1,3.0,1.0,0
1883,7.0,1,1.0,1.0,1,3.0,0.0,1
1884,9.0,1,0.0,1.0,1,4.0,0.0,1
1885,7.0,1,2.0,2.0,1,3.0,1.0,1
1886,6.0,1,0.0,2.0,1,1.0,2.0,0
1887,8.0,1,2.0,0.0,1,1.0,2.0,0
1888,1.0,0,7.0,6.0,0,5.0,4.0,1
1889,11.0,1,0.0,2.0,1,3.0,1.0,1
1890,11.0,1,1.0,1.0,1,1.0,1.0,0
1891,1.0,0,8.0,5.0,0,8.0,5.0,1
1892,2.0,0,6.0,7.0,0,9.0,5.0,0
1893,4.0,1,3.0,2.0,1,5.0,0.0,0
1894,8.0,1,2.0,1.0,1,5.0,1.0,0
1895,6.0,1,2.0,2.0,0,3.0,1.0,0
1896,0.0,0,7.0,5.0,0,8.0,6.0,1
1897,0.0,0,9.0,6.0,0,9.0,9.0,0
1898,0.0,0,9.0,6.0,0,11.0,5.0,1
1899,1.0,0,6.0,5.0,0,6.0,6.0,1
1900,3.0,0,7.0,3.0,0,5.0,6.0,1
1901,1.0,0,3.0,5.0,0,9.0,5.0,1
1902,4.0,1,0.0,1.0,1,1.0,0.0,0
1903,0.0,0,7.0,4.0,0,9.0,8.0,1
1904,3.0,0,6.0,3.0,0,6.0,3.0,1
1905,6.0,1,1.0,0.0,1,5.0,1.0,0
1906,1.0,0,7.0,3.0,0,8.0,8.0,1
1907,2.0,0,9.0,5.0,0,7.0,8.0,1
1908,0.0,0,7.0,3.0,0,12.0,4.0,1
1909,2.0,0,5.0,3.0,0,13.0,4.0,1
1910,1.0,0,8.0,4.0,0,5.0,4.0,1
1911,9.0,1,1.0,0.0,1,4.0,1.0,0
1912,0.0,0,8.0,4.0,0,14.0,6.0,1
1913,0.0,0,4.0,5.0,0,5.0,6.0,1
1914,10.0,1,2.0,2.0,1,2.0,1.0,0
1915,4.0,0,2.0,1.0,1,4.0,1.0,0
1916,2.0,0,7.0,5.0,0,14.0,7.0,0
1917,8.0,1,2.0,0.0,1,1.0,1.0,1
1918,2.0,0,4.0,4.0,0,8.0,6.0,1
1919,6.0,1,3.0,2.0,1,2.0,1.0,0
1920,0.0,0,3.0,4.0,0,7.0,8.0,1
1921,10.0,1,2.0,1.0,1,1.0,0.0,0
1922,3.0,0,9.0,3.0,0,15.0,6.0,1
1923,10.0,1,0.0,2.0,1,4.0,1.0,1
1924,2.0,0,5.0,3.0,0,14.0,7.0,1
1925,10.0,1,2.0,1.0,1,3.0,0.0,0
1926,6.0,1,3.0,1.0,1,4.0,1.0,0
1927,4.0,1,0.0,0.0,1,4.0,0.0,0
1928,4.0,1,0.0,2.0,1,1.0,0.0,0
1929,3.0,0,6.0,3.0,0,14.0,6.0,1
1930,0.0,0,8.0,4.0,0,14.0,8.0,1
1931,3.0,0,9.0,3.0,0,14.0,4.0,1
1932,2.0,0,9.0,4.0,0,7.0,6.0,1
1933,2.0,0,8.0,5.0,0,13.0,6.0,1
1934,2.0,0,7.0,3.0,0,15.0,3.0,1
1935,2.0,0,5.0,5.0,0,12.0,6.0,1
1936,0.0,0,6.0,3.0,0,13.0,4.0,1
1937,5.0,1,3.0,0.0,1,1.0,0.0,0
1938,10.0,1,2.0,2.0,1,1.0,0.0,0
1939,9.0,1,0.0,2.0,1,2.0,2.0,0
1940,8.0,1,0.0,0.0,1,4.0,0.0,1
1941,2.0,0,5.0,4.0,0,11.0,4.0,1
1942,5.0,1,1.0,2.0,1,3.0,2.0,0
1943,2.0,0,8.0,6.0,0,7.0,4.0,1
1944,1.0,0,4.0,5.0,0,12.0,5.0,1
1945,9.0,1,3.0,3.0,1,2.0,0.0,0
1946,4.0,1,0.0,1.0,1,3.0,0.0,0
1947,2.0,0,4.0,6.0,0,5.0,8.0,1
1948,0.0,0,4.0,4.0,0,12.0,5.0,1
1949,0.0,0,5.0,3.0,0,14.0,5.0,1
1950,2.0,0,7.0,4.0,0,14.0,6.0,1
1951,7.0,1,2.0,0.0,1,3.0,2.0,1
1952,3.0,0,5.0,4.0,0,10.0,5.0,1
1953,1.0,0,4.0,3.0,0,8.0,8.0,1
1954,3.0,0,8.0,5.0,0,10.0,3.0,1
1955,7.0,1,2.0,0.0,1,3.0,1.0,0
1956,9.0,1,1.0,0.0,1,1.0,1.0,0
1957,9.0,1,0.0,0.0,1,5.0,0.0,0
1958,1.0,0,7.0,3.0,0,6.0,9.0,1
1959,2.0,0,8.0,5.0,0,8.0,5.0,1
1960,2.0,0,7.0,3.0,0,5.0,6.0,1
1961,7.0,1,3.0,2.0,1,2.0,2.0,0
1962,4.0,1,0.0,0.0,1,2.0,0.0,0
1963,8.0,1,2.0,1.0,1,5.0,1.0,0
1964,5.0,1,0.0,1.0,1,2.0,2.0,0
1965,3.0,0,4.0,3.0,0,9.0,7.0,1
1966,0.0,0,7.0,7.0,0,12.0,5.0,0
1967,10.0,1,1.0,0.0,1,5.0,1.0,0
1968,2.0,0,4.0,6.0,0,11.0,5.0,1
1969,9.0,1,0.0,2.0,1,1.0,0.0,0
1970,2.0,0,8.0,5.0,0,8.0,9.0,1
1971,3.0,0,8.0,3.0,0,11.0,7.0,1
1972,5.0,1,0.0,1.0,1,4.0,1.0,0
1973,1.0,0,9.0,4.0,0,5.0,8.0,1
1974,0.0,0,9.0,5.0,0,14.0,5.0,1
1975,7.0,1,2.0,2.0,1,4.0,1.0,1
1976,5.0,1,0.0,1.0,1,4.0,2.0,0
1977,1.0,0,9.0,5.0,0,7.0,8.0,1
1978,2.0,0,9.0,6.0,0,12.0,5.0,1
1979,8.0,1,0.0,2.0,1,1.0,1.0,0
1980,4.0,1,2.0,2.0,1,2.0,2.0,0
1981,1.0,0,4.0,3.0,0,6.0,4.0,1
1982,2.0,0,8.0,4.0,0,5.0,4.0,1
1983,8.0,1,3.0,2.0,1,5.0,0.0,0
1984,0.0,0,8.0,3.0,0,11.0,4.0,1
1985,4.0,1,2.0,0.0,1,5.0,1.0,0
1986,4.0,1,2.0,2.0,1,2.0,0.0,0
1987,10.0,1,0.0,0.0,1,1.0,1.0,0
1988,4.0,1,2.0,0.0,1,3.0,0.0,0
1989,6.0,1,2.0,0.0,1,5.0,2.0,0
1990,11.0,1,1.0,0.0,1,4.0,0.0,0
1991,3.0,0,4.0,3.0,0,13.0,3.0,1
1992,11.0,1,0.0,2.0,1,4.0,2.0,0
1993,9.0,1,0.0,2.0,1,5.0,2.0,0
1994,2.0,0,5.0,3.0,0,7.0,5.0,1
1995,0.0,0,9.0,4.0,0,13.0,4.0,1
1996,2.0,0,5.0,6.0,0,12.0,8.0,1
1997,9.0,1,3.0,2.0,1,5.0,2.0,0
1998,7.0,1,3.0,0.0,1,1.0,0.0,0
1999,5.0,1,1.0,0.0,1,5.0,1.0,0
2000,10.0,1,3.0,0.0,1,3.0,1.0,0
2001,8.0,1,2.0,2.0,1,3.0,1.0,0
2002,9.0,1,3.0,2.0,1,4.0,2.0,0
2003,7.0,1,3.0,2.0,1,5.0,2.0,0
2004,6.0,0,3.0,3.0,1,3.0,1.0,0
2005,9.0,1,3.0,0.0,1,1.0,2.0,0
2006,7.0,1,1.0,0.0,1,1.0,0.0,0
2007,5.0,1,1.0,0.0,1,5.0,1.0,0
2008,7.0,1,0.0,0.0,1,1.0,2.0,1
2009,0.0,0,6.0,6.0,0,15.0,9.0,1
2010,0.0,0,7.0,7.0,0,11.0,6.0,0
2011,0.0,0,5.0,3.0,0,11.0,9.0,1
2012,2.0,0,8.0,6.0,0,14.0,6.0,1
2013,5.0,1,0.0,0.0,1,2.0,1.0,0
2014,0.0,0,8.0,5.0,0,10.0,5.0,1
2015,10.0,1,0.0,0.0,1,3.0,0.0,1
2016,9.0,1,3.0,3.0,1,4.0,2.0,0
2017,4.0,1,3.0,0.0,1,2.0,1.0,0
2018,1.0,0,7.0,5.0,0,14.0,9.0,1
2019,8.0,1,2.0,1.0,1,1.0,1.0,1
2020,9.0,1,0.0,2.0,1,3.0,1.0,0
2021,6.0,1,1.0,0.0,1,1.0,1.0,0
2022,8.0,1,3.0,0.0,1,5.0,1.0,0
2023,0.0,0,6.0,6.0,0,11.0,8.0,1
2024,1.0,0,8.0,5.0,0,8.0,9.0,1
2025,10.0,1,1.0,1.0,1,5.0,0.0,0
2026,7.0,1,3.0,0.0,1,5.0,2.0,0
2027,1.0,0,9.0,3.0,0,9.0,5.0,1
2028,10.0,1,0.0,1.0,1,2.0,1.0,0
2029,4.0,1,3.0,3.0,1,3.0,2.0,0
2030,0.0,0,8.0,4.0,0,6.0,4.0,1
2031,3.0,0,6.0,3.0,0,10.0,7.0,1
2032,3.0,0,9.0,6.0,0,15.0,6.0,1
2033,3.0,0,6.0,3.0,0,15.0,3.0,1
2034,0.0,0,8.0,6.0,0,11.0,5.0,0
2035,10.0,1,2.0,0.0,1,5.0,0.0,0
2036,2.0,0,7.0,5.0,0,15.0,7.0,1
2037,6.0,1,1.0,2.0,1,4.0,0.0,0
2038,6.0,1,1.0,1.0,1,2.0,0.0,0
2039,11.0,1,3.0,2.0,1,3.0,1.0,0
2040,6.0,1,2.0,0.0,1,5.0,0.0,0
2041,5.0,1,2.0,0.0,1,4.0,0.0,0
2042,8.0,1,2.0,2.0,1,3.0,1.0,0
2043,5.0,1,0.0,2.0,1,1.0,2.0,0
2044,2.0,0,8.0,5.0,0,13.0,7.0,0
2045,3.0,0,8.0,5.0,0,15.0,7.0,1
2046,11.0,1,2.0,2.0,1,1.0,2.0,1
2047,1.0,0,4.0,4.0,0,8.0,8.0,1
2048,0.0,0,9.0,5.0,0,15.0,7.0,1
2049,1.0,0,6.0,5.0,0,10.0,4.0,1
2050,11.0,1,2.0,2.0,1,5.0,0.0,0
2051,2.0,0,4.0,5.0,0,13.0,3.0,1
2052,1.0,0,5.0,4.0,0,7.0,3.0,1
2053,3.0,0,7.0,3.0,0,12.0,6.0,1
2054,9.0,1,1.0,1.0,1,1.0,0.0,0
2055,9.0,1,1.0,1.0,1,4.0,1.0,0
2056,11.0,0,0.0,2.0,1,3.0,2.0,0
2057,10.0,1,3.0,1.0,1,4.0,1.0,0
2058,1.0,0,6.0,6.0,0,12.0,4.0,1
2059,1.0,0,8.0,3.0,0,6.0,7.0,1
2060,4.0,1,1.0,1.0,1,4.0,1.0,0
2061,1.0,0,6.0,6.0,0,12.0,5.0,1
2062,1.0,0,7.0,6.0,0,12.0,4.0,1
2063,9.0,1,0.0,3.0,1,3.0,2.0,0
2064,11.0,1,0.0,2.0,1,3.0,0.0,0
2065,10.0,1,3.0,2.0,1,1.0,2.0,0
2066,6.0,1,3.0,0.0,1,2.0,0.0,0
2067,10.0,1,3.0,2.0,0,1.0,2.0,0
2068,10.0,1,0.0,1.0,1,4.0,2.0,0
2069,8.0,1,2.0,0.0,1,1.0,1.0,0
2070,9.0,1,0.0,2.0,1,3.0,1.0,0
2071,1.0,0,7.0,4.0,0,6.0,5.0,1
2072,7.0,1,1.0,1.0,1,2.0,2.0,0
2073,9.0,1,1.0,1.0,1,1.0,2.0,1
2074,4.0,1,3.0,3.0,1,3.0,1.0,0
2075,3.0,0,8.0,4.0,0,12.0,6.0,1
2076,5.0,1,2.0,0.0,1,4.0,3.0,0
2077,8.0,1,3.0,0.0,1,2.0,1.0,0
2078,3.0,0,5.0,6.0,0,10.0,9.0,1
2079,3.0,0,9.0,4.0,0,11.0,5.0,1
2080,3.0,0,9.0,6.0,0,9.0,8.0,1
2081,5.0,1,3.0,1.0,1,3.0,1.0,0
2082,10.0,1,0.0,0.0,1,2.0,0.0,0
2083,2.0,0,5.0,3.0,0,12.0,4.0,1
2084,0.0,0,9.0,3.0,0,13.0,4.0,1
2085,11.0,1,2.0,2.0,1,4.0,0.0,1
2086,1.0,0,8.0,3.0,0,13.0,6.0,1
2087,5.0,1,2.0,3.0,1,2.0,0.0,0
2088,3.0,0,4.0,5.0,0,10.0,5.0,1
2089,7.0,1,2.0,0.0,1,3.0,1.0,0
2090,0.0,0,7.0,6.0,0,8.0,5.0,0
2091,4.0,1,3.0,1.0,1,5.0,0.0,0
2092,0.0,0,4.0,3.0,0,10.0,5.0,1
2093,8.0,1,0.0,1.0,1,4.0,2.0,0
2094,0.0,0,6.0,5.0,0,11.0,5.0,0
2095,2.0,0,9.0,6.0,0,9.0,8.0,1
2096,6.0,1,3.0,2.0,1,5.0,1.0,0
2097,1.0,0,9.0,6.0,0,10.0,9.0,1
2098,11.0,1,1.0,0.0,1,3.0,1.0,0
2099,2.0,0,6.0,6.0,0,5.0,5.0,1
2100,2.0,0,3.0,5.0,0,9.0,8.0,1
2101,7.0,1,0.0,2.0,1,1.0,2.0,0
2102,9.0,1,0.0,1.0,1,4.0,2.0,0
2103,10.0,1,1.0,0.0,1,5.0,2.0,0
2104,5.0,1,1.0,0.0,1,4.0,0.0,0
2105,0.0,0,9.0,6.0,0,5.0,3.0,1
2106,0.0,0,7.0,6.0,0,14.0,7.0,0
2107,2.0,0,8.0,3.0,0,12.0,5.0,1
2108,4.0,1,2.0,2.0,1,5.0,2.0,0
2109,0.0,0,4.0,6.0,0,13.0,7.0,1
2110,8.0,1,1.0,2.0,1,3.0,0.0,1
2111,0.0,0,9.0,5.0,0,6.0,7.0,1
2112,1.0,0,9.0,4.0,0,15.0,3.0,1
2113,9.0,1,0.0,2.0,1,1.0,2.0,0
2114,7.0,1,2.0,0.0,1,4.0,1.0,0
2115,3.0,0,8.0,5.0,0,5.0,8.0,1
2116,0.0,0,4.0,6.0,0,13.0,8.0,1
2117,2.0,0,4.0,6.0,0,7.0,5.0,1
2118,5.0,1,3.0,0.0,1,4.0,0.0,0
2119,0.0,0,9.0,3.0,0,13.0,5.0,1
2120,1.0,0,7.0,3.0,0,15.0,4.0,1
2121,9.0,1,2.0,2.0,1,3.0,2.0,0
2122,4.0,1,0.0,1.0,1,5.0,0.0,0
2123,7.0,1,2.0,1.0,1,3.0,0.0,1
2124,0.0,0,8.0,6.0,0,7.0,8.0,1
2125,9.0,1,2.0,0.0,1,2.0,1.0,1
2126,6.0,1,3.0,0.0,1,5.0,2.0,0
2127,11.0,1,0.0,1.0,1,1.0,1.0,1
2128,9.0,1,2.0,1.0,1,4.0,1.0,0
2129,9.0,1,2.0,0.0,1,3.0,1.0,0
2130,5.0,1,0.0,2.0,1,5.0,1.0,0
2131,0.0,0,7.0,4.0,0,5.0,3.0,1
2132,10.0,1,1.0,0.0,1,4.0,1.0,1
2133,3.0,0,6.0,4.0,0,12.0,5.0,1
2134,7.0,1,0.0,1.0,1,2.0,0.0,0
2135,2.0,0,7.0,6.0,0,12.0,4.0,1
2136,7.0,1,1.0,2.0,1,1.0,2.0,0
2137,3.0,0,7.0,3.0,0,12.0,9.0,1
2138,9.0,1,0.0,0.0,1,2.0,2.0,0
2139,5.0,1,3.0,1.0,1,2.0,0.0,0
2140,5.0,1,3.0,1.0,1,3.0,2.0,0
2141,11.0,1,0.0,2.0,1,2.0,2.0,0
2142,3.0,0,4.0,5.0,0,7.0,6.0,1
2143,0.0,0,8.0,6.0,0,14.0,9.0,1
2144,5.0,1,2.0,2.0,1,2.0,2.0,0
2145,3.0,0,4.0,4.0,0,13.0,4.0,1
2146,9.0,1,2.0,1.0,1,5.0,0.0,0
2147,3.0,0,4.0,6.0,0,10.0,7.0,1
2148,1.0,0,8.0,3.0,0,8.0,8.0,1
2149,8.0,1,0.0,2.0,1,2.0,0.0,1
2150,9.0,1,0.0,0.0,1,1.0,1.0,0
2151,0.0,0,9.0,3.0,0,15.0,3.0,1
2152,4.0,0,7.0,5.0,0,6.0,7.0,1
2153,7.0,1,2.0,1.0,1,5.0,1.0,0
2154,5.0,1,0.0,0.0,1,3.0,0.0,0
2155,3.0,0,8.0,4.0,0,5.0,9.0,1
2156,0.0,0,6.0,3.0,0,5.0,7.0,1
2157,0.0,0,4.0,5.0,0,6.0,3.0,1
2158,3.0,0,7.0,5.0,0,15.0,6.0,1
2159,3.0,0,7.0,5.0,0,14.0,7.0,1
2160,6.0,1,3.0,2.0,1,5.0,0.0,0
2161,9.0,1,3.0,1.0,1,1.0,2.0,0
2162,10.0,1,1.0,3.0,1,2.0,2.0,0
2163,2.0,0,7.0,3.0,0,5.0,9.0,1
2164,9.0,1,3.0,0.0,1,1.0,0.0,0
2165,0.0,0,5.0,4.0,0,14.0,7.0,1
2166,2.0,0,4.0,4.0,0,10.0,5.0,1
2167,0.0,0,9.0,5.0,0,5.0,3.0,1
2168,9.0,1,1.0,0.0,0,1.0,1.0,0
2169,0.0,0,9.0,3.0,0,10.0,3.0,1
2170,9.0,1,1.0,2.0,1,5.0,2.0,0
2171,1.0,0,8.0,5.0,0,5.0,9.0,1
2172,2.0,0,8.0,5.0,0,8.0,6.0,0
2173,8.0,1,1.0,1.0,1,1.0,2.0,0
2174,0.0,0,5.0,4.0,0,9.0,4.0,1
2175,7.0,1,1.0,1.0,1,3.0,1.0,0
2176,5.0,1,3.0,0.0,1,1.0,1.0,0
2177,1.0,0,8.0,5.0,0,5.0,9.0,1
2178,2.0,0,6.0,5.0,0,7.0,3.0,1
2179,2.0,0,6.0,6.0,0,8.0,5.0,1
2180,3.0,0,5.0,6.0,0,12.0,7.0,1
2181,0.0,0,4.0,5.0,0,15.0,4.0,1
2182,4.0,1,2.0,0.0,1,2.0,1.0,0
2183,8.0,0,3.0,2.0,1,4.0,2.0,0
2184,11.0,1,3.0,1.0,1,4.0,0.0,0
2185,10.0,1,2.0,2.0,1,1.0,2.0,1
2186,2.0,0,9.0,6.0,0,12.0,9.0,1
2187,6.0,1,3.0,0.0,1,5.0,1.0,0
2188,11.0,1,2.0,2.0,1,2.0,0.0,0
2189,0.0,0,6.0,4.0,0,14.0,8.0,1
2190,5.0,1,1.0,0.0,1,5.0,0.0,0
2191,2.0,0,7.0,4.0,0,15.0,8.0,1
2192,0.0,0,3.0,4.0,0,10.0,4.0,1
2193,0.0,0,9.0,6.0,0,8.0,7.0,1
2194,10.0,1,1.0,1.0,1,2.0,2.0,0
2195,3.0,0,5.0,6.0,0,13.0,7.0,1
2196,1.0,0,7.0,4.0,0,12.0,5.0,1
2197,2.0,0,6.0,3.0,0,15.0,5.0,1
2198,0.0,0,7.0,5.0,0,8.0,3.0,1
2199,0.0,0,6.0,3.0,0,10.0,8.0,1
2200,2.0,0,9.0,3.0,0,8.0,3.0,1
2201,11.0,1,2.0,2.0,1,5.0,2.0,0
2202,1.0,0,6.0,3.0,0,11.0,8.0,1
2203,4.0,0,5.0,3.0,0,15.0,3.0,1
2204,4.0,1,2.0,1.0,1,3.0,0.0,0
2205,2.0,0,8.0,5.0,0,8.0,9.0,1
2206,1.0,0,4.0,6.0,0,6.0,7.0,1
2207,3.0,0,4.0,4.0,0,14.0,3.0,1
2208,1.0,0,7.0,5.0,0,14.0,8.0,0
2209,9.0,1,2.0,1.0,1,2.0,2.0,0
2210,2.0,0,6.0,3.0,0,9.0,8.0,1
2211,0.0,0,4.0,6.0,0,6.0,6.0,1
2212,4.0,1,1.0,1.0,1,3.0,2.0,0
2213,3.0,0,4.0,5.0,0,6.0,3.0,1
2214,0.0,0,6.0,4.0,0,10.0,3.0,1
2215,3.0,0,6.0,5.0,0,14.0,6.0,1
2216,3.0,0,8.0,6.0,0,11.0,8.0,1
2217,5.0,1,1.0,2.0,1,3.0,3.0,0
2218,10.0,1,2.0,2.0,1,4.0,0.0,0
2219,9.0,1,2.0,0.0,1,5.0,0.0,0
2220,3.0,0,7.0,3.0,0,12.0,7.0,1
2221,5.0,1,3.0,1.0,1,5.0,2.0,0
2222,7.0,1,0.0,1.0,1,2.0,2.0,0
2223,8.0,1,3.0,0.0,1,5.0,3.0,0
2224,2.0,0,7.0,5.0,0,8.0,3.0,1
2225,0.0,0,5.0,3.0,0,9.0,5.0,1
2226,10.0,0,3.0,0.0,1,4.0,0.0,0
2227,9.0,1,2.0,1.0,1,2.0,0.0,0
2228,1.0,0,7.0,4.0,0,7.0,9.0,1
2229,5.0,1,0.0,2.0,1,5.0,1.0,0
2230,7.0,1,3.0,2.0,0,4.0,0.0,0
2231,10.0,1,2.0,2.0,1,4.0,2.0,0
2232,10.0,1,0.0,0.0,1,4.0,1.0,0
2233,5.0,1,0.0,2.0,1,3.0,0.0,0
2234,1.0,0,5.0,3.0,0,6.0,7.0,1
2235,5.0,1,0.0,1.0,1,4.0,2.0,0
2236,1.0,0,9.0,5.0,0,7.0,3.0,1
2237,8.0,1,3.0,2.0,1,3.0,2.0,0
2238,0.0,0,5.0,5.0,0,5.0,4.0,1
2239,1.0,0,5.0,6.0,0,12.0,3.0,1
2240,11.0,1,3.0,1.0,1,5.0,2.0,0
2241,2.0,0,4.0,5.0,0,11.0,7.0,1
2242,4.0,1,2.0,1.0,1,2.0,2.0,0
2243,11.0,1,2.0,0.0,1,4.0,1.0,1
2244,7.0,1,0.0,3.0,1,2.0,1.0,0
2245,4.0,1,3.0,2.0,1,2.0,2.0,0
2246,11.0,1,1.0,2.0,1,3.0,0.0,0
2247,9.0,1,2.0,0.0,1,1.0,0.0,1
2248,0.0,0,9.0,4.0,0,5.0,4.0,1
2249,3.0,0,9.0,4.0,0,8.0,8.0,1
2250,7.0,1,0.0,0.0,1,2.0,1.0,0
2251,3.0,0,4.0,3.0,0,12.0,3.0,1
2252,9.0,1,1.0,2.0,0,5.0,1.0,0
2253,3.0,0,8.0,4.0,0,13.0,6.0,1
2254,5.0,1,2.0,2.0,1,1.0,1.0,0
2255,11.0,1,1.0,0.0,0,2.0,0.0,0
2256,7.0,1,1.0,0.0,1,2.0,0.0,0
2257,1.0,0,7.0,5.0,0,6.0,3.0,1
2258,4.0,0,7.0,6.0,0,12.0,8.0,1
2259,6.0,1,3.0,2.0,1,1.0,1.0,0
2260,1.0,0,8.0,5.0,0,9.0,6.0,1
2261,7.0,1,0.0,2.0,1,5.0,1.0,0
2262,1.0,0,9.0,3.0,0,6.0,8.0,1
2263,5.0,1,3.0,1.0,1,4.0,1.0,0
2264,11.0,1,1.0,0.0,1,4.0,1.0,0
2265,1.0,0,8.0,6.0,0,12.0,3.0,1
2266,11.0,1,0.0,0.0,1,4.0,1.0,0
2267,9.0,1,2.0,2.0,1,5.0,2.0,0
2268,3.0,0,6.0,3.0,0,8.0,7.0,1
2269,3.0,0,6.0,4.0,0,11.0,9.0,1
2270,9.0,1,1.0,0.0,1,5.0,2.0,0
2271,9.0,1,3.0,2.0,1,5.0,0.0,0
2272,0.0,0,9.0,5.0,0,6.0,7.0,1
2273,8.0,1,2.0,2.0,1,5.0,1.0,0
2274,10.0,1,2.0,0.0,1,5.0,2.0,0
2275,6.0,1,0.0,3.0,1,5.0,2.0,0
2276,10.0,1,2.0,0.0,1,2.0,1.0,1
2277,1.0,0,4.0,5.0,0,10.0,4.0,1
2278,8.0,1,0.0,2.0,1,1.0,2.0,0
2279,4.0,1,3.0,2.0,1,3.0,2.0,0
2280,10.0,1,3.0,2.0,1,5.0,1.0,0
2281,1.0,0,6.0,6.0,0,7.0,3.0,1
2282,10.0,1,3.0,0.0,1,1.0,0.0,0
2283,5.0,1,0.0,1.0,1,5.0,2.0,0
2284,0.0,0,6.0,6.0,0,7.0,7.0,1
2285,6.0,1,3.0,0.0,1,4.0,0.0,0
2286,2.0,0,7.0,5.0,0,10.0,5.0,1
2287,9.0,1,2.0,0.0,1,3.0,0.0,0
2288,8.0,1,3.0,0.0,1,4.0,2.0,0
2289,8.0,1,0.0,1.0,1,3.0,2.0,0
2290,10.0,1,0.0,0.0,1,3.0,1.0,1
2291,3.0,0,6.0,4.0,0,11.0,5.0,1
2292,0.0,0,7.0,3.0,0,8.0,5.0,1
2293,1.0,0,9.0,5.0,0,14.0,9.0,0
2294,2.0,0,9.0,5.0,0,14.0,4.0,1
2295,6.0,1,2.0,1.0,1,2.0,2.0,0
2296,6.0,1,3.0,1.0,1,4.0,1.0,0
2297,0.0,0,5.0,6.0,0,5.0,5.0,1
2298,11.0,1,3.0,2.0,1,4.0,1.0,0
2299,10.0,1,3.0,2.0,0,3.0,2.0,0
2300,8.0,1,3.0,0.0,1,4.0,1.0,0
2301,9.0,1,1.0,2.0,1,3.0,0.0,0
2302,1.0,0,9.0,5.0,0,8.0,7.0,0
2303,0.0,0,8.0,4.0,0,10.0,3.0,1
2304,7.0,1,3.0,2.0,1,1.0,2.0,0
2305,1.0,0,5.0,5.0,0,10.0,3.0,1
2306,2.0,0,8.0,3.0,0,6.0,6.0,1
2307,6.0,1,2.0,0.0,1,2.0,0.0,0
2308,9.0,1,0.0,2.0,1,1.0,1.0,0
2309,9.0,1,2.0,1.0,1,4.0,0.0,0
2310,2.0,0,9.0,4.0,0,8.0,7.0,1
2311,8.0,1,2.0,1.0,1,1.0,2.0,0
2312,1.0,0,5.0,5.0,0,9.0,8.0,1
2313,7.0,1,1.0,1.0,1,1.0,1.0,0
2314,2.0,0,9.0,3.0,0,6.0,3.0,1
2315,4.0,1,1.0,1.0,1,1.0,2.0,0
2316,11.0,1,0.0,1.0,1,3.0,0.0,0
2317,0.0,0,7.0,3.0,0,6.0,6.0,1
2318,0.0,0,7.0,5.0,0,10.0,4.0,1
2319,7.0,1,0.0,2.0,1,2.0,0.0,0
2320,4.0,0,6.0,3.0,0,12.0,5.0,1
2321,3.0,0,5.0,6.0,0,15.0,5.0,1
2322,9.0,1,2.0,2.0,1,1.0,2.0,1
2323,3.0,0,8.0,6.0,0,7.0,9.0,1
2324,6.0,1,2.0,2.0,1,4.0,0.0,0
2325,4.0,1,2.0,1.0,0,2.0,2.0,0
2326,4.0,1,3.0,1.0,1,3.0,1.0,0
2327,3.0,0,7.0,4.0,0,8.0,4.0,1
2328,1.0,0,8.0,5.0,0,11.0,7.0,1
2329,4.0,1,2.0,1.0,1,2.0,2.0,0
2330,5.0,1,0.0,1.0,1,4.0,1.0,0
2331,2.0,0,8.0,4.0,0,9.0,8.0,1
2332,0.0,0,5.0,3.0,0,14.0,7.0,1
2333,10.0,1,0.0,0.0,1,1.0,0.0,1
2334,4.0,1,1.0,0.0,1,5.0,2.0,0
2335,8.0,1,0.0,3.0,1,5.0,2.0,0
2336,5.0,1,3.0,2.0,1,5.0,1.0,0
2337,1.0,0,6.0,5.0,0,15.0,4.0,1
2338,7.0,1,1.0,0.0,1,2.0,0.0,0
2339,3.0,0,6.0,5.0,0,14.0,5.0,1
2340,7.0,1,2.0,1.0,1,4.0,0.0,0
2341,1.0,0,8.0,6.0,0,10.0,4.0,1
2342,3.0,0,9.0,4.0,0,13.0,9.0,1
2343,0.0,0,8.0,5.0,0,15.0,9.0,1
2344,9.0,1,2.0,2.0,1,1.0,0.0,0
2345,5.0,1,0.0,1.0,1,5.0,2.0,0
2346,8.0,1,1.0,0.0,1,3.0,1.0,0
2347,2.0,0,5.0,5.0,0,11.0,7.0,1
2348,10.0,1,2.0,0.0,1,2.0,0.0,1
2349,0.0,0,6.0,4.0,0,10.0,7.0,1
2350,0.0,0,6.0,5.0,0,12.0,9.0,1
2351,1.0,0,7.0,3.0,0,8.0,5.0,1
2352,8.0,1,2.0,0.0,1,5.0,2.0,0
2353,3.0,0,4.0,6.0,0,9.0,3.0,1
2354,10.0,1,2.0,2.0,1,2.0,0.0,0
2355,9.0,1,3.0,0.0,1,5.0,0.0,0
2356,1.0,0,6.0,6.0,0,12.0,3.0,1
2357,4.0,1,1.0,0.0,1,1.0,1.0,0
2358,9.0,1,3.0,1.0,1,1.0,0.0,0
2359,2.0,0,6.0,4.0,0,9.0,5.0,1
2360,4.0,1,1.0,1.0,1,5.0,2.0,0
2361,1.0,0,7.0,4.0,0,15.0,6.0,1
2362,10.0,1,0.0,2.0,1,3.0,2.0,0
2363,4.0,1,3.0,0.0,1,4.0,1.0,0
2364,4.0,1,1.0,2.0,1,2.0,1.0,0
2365,11.0,1,3.0,2.0,1,5.0,0.0,0
2366,0.0,0,4.0,6.0,0,10.0,4.0,1
2367,1.0,0,8.0,7.0,0,9.0,5.0,0
2368,4.0,0,5.0,5.0,0,6.0,9.0,1
2369,0.0,0,6.0,5.0,0,7.0,9.0,1
2370,9.0,1,1.0,2.0,1,1.0,2.0,1
2371,3.0,0,4.0,3.0,0,7.0,5.0,1
2372,2.0,0,9.0,5.0,0,12.0,8.0,1
2373,2.0,0,6.0,7.0,0,11.0,6.0,0
2374,4.0,1,3.0,2.0,1,5.0,0.0,0
2375,9.0,1,0.0,0.0,0,2.0,2.0,0
2376,1.0,0,6.0,6.0,0,5.0,7.0,1
2377,9.0,1,2.0,1.0,1,4.0,2.0,0
2378,3.0,0,8.0,4.0,0,12.0,6.0,1
2379,2.0,0,9.0,3.0,0,14.0,7.0,1
2380,2.0,0,8.0,5.0,0,10.0,5.0,0
2381,2.0,0,6.0,5.0,0,15.0,4.0,1
2382,10.0,1,2.0,0.0,1,5.0,0.0,0
2383,10.0,1,2.0,2.0,1,5.0,1.0,0
2384,3.0,0,6.0,5.0,0,12.0,5.0,1
2385,1.0,0,5.0,6.0,0,8.0,5.0,1
2386,1.0,0,6.0,3.0,0,9.0,7.0,1
2387,4.0,1,2.0,0.0,1,2.0,0.0,0
2388,8.0,1,0.0,2.0,1,4.0,0.0,0
2389,9.0,1,2.0,2.0,1,3.0,0.0,1
2390,0.0,0,5.0,3.0,0,14.0,4.0,1
2391,0.0,0,9.0,5.0,0,13.0,7.0,1
2392,1.0,0,7.0,7.0,0,9.0,5.0,0
2393,1.0,0,6.0,5.0,0,9.0,5.0,1
2394,4.0,1,3.0,2.0,0,2.0,0.0,0
2395,7.0,1,0.0,0.0,0,3.0,1.0,0
2396,0.0,0,7.0,3.0,0,5.0,6.0,1
2397,9.0,1,2.0,1.0,1,1.0,1.0,0
2398,4.0,0,6.0,5.0,0,7.0,3.0,1
2399,11.0,1,1.0,3.0,1,1.0,0.0,0
2400,5.0,1,2.0,0.0,1,2.0,2.0,0
2401,1.0,0,5.0,3.0,0,10.0,7.0,1
2402,1.0,0,9.0,6.0,0,13.0,5.0,1
2403,2.0,0,5.0,4.0,0,13.0,6.0,1
2404,1.0,0,7.0,6.0,0,8.0,7.0,1
2405,0.0,0,7.0,5.0,0,12.0,3.0,1
2406,0.0,0,4.0,4.0,0,8.0,3.0,1
2407,3.0,0,6.0,3.0,0,8.0,7.0,1
2408,10.0,1,0.0,2.0,1,2.0,2.0,0
2409,1.0,0,8.0,3.0,0,8.0,4.0,1
2410,8.0,1,1.0,0.0,1,1.0,2.0,0
2411,3.0,0,9.0,6.0,0,13.0,8.0,1
2412,0.0,0,6.0,5.0,0,9.0,7.0,1
2413,2.0,0,7.0,5.0,0,12.0,6.0,0
2414,1.0,0,7.0,6.0,0,13.0,6.0,1
2415,9.0,1,1.0,2.0,1,1.0,2.0,1
2416,10.0,1,2.0,2.0,1,5.0,2.0,0
2417,0.0,0,9.0,4.0,0,5.0,7.0,1
2418,2.0,0,4.0,5.0,0,5.0,6.0,1
2419,7.0,1,2.0,0.0,1,5.0,1.0,0
2420,0.0,0,8.0,4.0,0,11.0,6.0,1
2421,5.0,0,2.0,1.0,1,3.0,1.0,0
2422,2.0,0,5.0,5.0,0,10.0,6.0,1
2423,3.0,0,8.0,5.0,0,10.0,5.0,1
2424,3.0,0,6.0,4.0,0,12.0,3.0,1
2425,3.0,0,4.0,6.0,0,11.0,5.0,1
2426,2.0,0,9.0,3.0,0,7.0,8.0,1
2427,3.0,0,9.0,5.0,0,5.0,3.0,1
2428,11.0,1,2.0,1.0,1,3.0,1.0,0
2429,3.0,0,7.0,5.0,0,14.0,3.0,1
2430,10.0,1,3.0,0.0,1,5.0,3.0,0
2431,1.0,0,7.0,3.0,0,10.0,3.0,1
2432,4.0,1,1.0,0.0,1,1.0,2.0,0
2433,4.0,1,1.0,2.0,1,2.0,2.0,0
2434,6.0,1,1.0,1.0,1,5.0,2.0,0
2435,2.0,0,9.0,3.0,0,7.0,4.0,1
2436,11.0,1,0.0,1.0,1,3.0,2.0,0
2437,3.0,0,9.0,5.0,0,11.0,3.0,1
2438,8.0,1,0.0,0.0,1,4.0,2.0,0
2439,6.0,1,2.0,1.0,1,5.0,2.0,0
2440,2.0,0,4.0,5.0,0,10.0,9.0,1
2441,3.0,0,4.0,5.0,0,15.0,4.0,1
2442,8.0,1,0.0,1.0,1,4.0,0.0,0
2443,0.0,0,6.0,5.0,0,5.0,5.0,1
2444,3.0,0,8.0,6.0,0,7.0,6.0,1
2445,2.0,0,3.0,5.0,0,8.0,8.0,1
2446,10.0,1,3.0,0.0,1,5.0,2.0,0
2447,2.0,0,9.0,6.0,0,10.0,6.0,0
2448,1.0,0,9.0,4.0,0,10.0,5.0,1
2449,4.0,1,1.0,2.0,1,3.0,1.0,0
2450,2.0,0,8.0,3.0,0,6.0,7.0,1
2451,3.0,0,9.0,6.0,0,5.0,7.0,1
2452,0.0,0,5.0,4.0,0,13.0,7.0,1
2453,1.0,0,5.0,4.0,0,11.0,7.0,1
2454,2.0,0,8.0,3.0,0,10.0,8.0,1
2455,0.0,0,6.0,6.0,0,13.0,6.0,0
2456,0.0,0,9.0,3.0,0,12.0,8.0,1
2457,0.0,0,9.0,5.0,0,14.0,9.0,0
2458,1.0,0,6.0,3.0,0,6.0,4.0,1
2459,3.0,0,4.0,5.0,0,5.0,4.0,1
2460,2.0,0,5.0,6.0,0,9.0,9.0,1
2461,1.0,0,9.0,4.0,0,5.0,9.0,1
2462,0.0,0,8.0,3.0,0,8.0,3.0,1
2463,4.0,1,0.0,0.0,1,5.0,1.0,0
2464,4.0,1,1.0,0.0,1,3.0,1.0,0
2465,3.0,0,9.0,4.0,0,6.0,9.0,1
2466,8.0,1,1.0,2.0,1,1.0,1.0,0
2467,10.0,1,0.0,2.0,1,1.0,0.0,0
2468,11.0,1,3.0,0.0,1,2.0,2.0,0
2469,6.0,1,2.0,0.0,1,5.0,1.0,0
2470,4.0,1,2.0,1.0,1,2.0,2.0,0
2471,5.0,1,1.0,0.0,1,5.0,1.0,0
2472,9.0,1,0.0,0.0,1,5.0,2.0,0
2473,10.0,1,0.0,1.0,1,1.0,2.0,0
2474,1.0,0,9.0,5.0,0,14.0,4.0,1
2475,5.0,1,3.0,2.0,1,2.0,1.0,0
2476,10.0,1,3.0,1.0,1,2.0,0.0,0
2477,3.0,0,9.0,3.0,0,8.0,4.0,1
2478,0.0,0,8.0,7.0,0,13.0,9.0,0
2479,0.0,0,6.0,5.0,0,14.0,5.0,1
2480,3.0,0,6.0,4.0,0,8.0,5.0,1
2481,9.0,1,3.0,0.0,1,1.0,0.0,0
2482,11.0,1,3.0,2.0,1,3.0,1.0,0
2483,8.0,1,1.0,0.0,1,1.0,0.0,1
2484,1.0,0,8.0,4.0,0,15.0,6.0,1
2485,9.0,1,0.0,2.0,1,1.0,1.0,0
2486,11.0,1,1.0,2.0,1,3.0,1.0,1
2487,5.0,1,0.0,1.0,1,1.0,2.0,0
2488,1.0,0,9.0,5.0,0,12.0,9.0,1
2489,4.0,1,0.0,1.0,1,3.0,1.0,0
2490,0.0,0,4.0,6.0,0,9.0,7.0,1
2491,1.0,0,8.0,3.0,0,7.0,3.0,1
2492,2.0,0,8.0,3.0,0,15.0,7.0,1
2493,1.0,0,5.0,6.0,0,5.0,6.0,1
2494,5.0,1,3.0,2.0,1,1.0,0.0,0
2495,6.0,1,2.0,2.0,1,4.0,0.0,0
2496,4.0,1,3.0,2.0,1,2.0,1.0,0
2497,8.0,1,3.0,1.0,1,3.0,3.0,0
2498,1.0,0,5.0,3.0,0,5.0,7.0,1
2499,2.0,0,9.0,6.0,0,8.0,6.0,0
2500,9.0,1,2.0,0.0,1,2.0,1.0,0
2501,2.0,0,5.0,4.0,0,5.0,9.0,1
2502,4.0,0,5.0,3.0,0,11.0,9.0,1
2503,3.0,0,6.0,4.0,0,5.0,3.0,1
2504,3.0,0,8.0,5.0,0,15.0,3.0,1
2505,8.0,1,0.0,1.0,1,2.0,0.0,0
2506,0.0,0,9.0,5.0,0,11.0,5.0,0
2507,2.0,0,6.0,5.0,0,6.0,3.0,1
2508,0.0,0,4.0,5.0,0,11.0,5.0,1
2509,5.0,1,3.0,2.0,1,2.0,2.0,0
2510,2.0,0,4.0,3.0,0,8.0,8.0,1
2511,10.0,1,1.0,2.0,1,2.0,1.0,0
2512,9.0,1,3.0,0.0,1,4.0,0.0,0
2513,0.0,0,5.0,5.0,0,14.0,5.0,1
2514,3.0,0,7.0,6.0,0,13.0,9.0,1
2515,1.0,0,6.0,6.0,0,5.0,8.0,1
2516,6.0,0,3.0,1.0,1,2.0,2.0,0
2517,3.0,0,5.0,5.0,0,13.0,9.0,1
2518,7.0,1,1.0,2.0,1,2.0,0.0,0
2519,6.0,1,1.0,0.0,1,5.0,2.0,0
2520,0.0,0,9.0,3.0,0,12.0,8.0,1
2521,3.0,0,4.0,3.0,0,12.0,7.0,1
2522,9.0,1,2.0,1.0,1,4.0,0.0,1
2523,1.0,0,4.0,6.0,0,5.0,3.0,1
2524,0.0,0,5.0,6.0,0,12.0,4.0,1
2525,7.0,1,0.0,0.0,1,1.0,1.0,1
2526,8.0,0,3.0,3.0,1,5.0,0.0,0
2527,4.0,1,1.0,0.0,0,5.0,1.0,0
2528,4.0,1,0.0,1.0,1,1.0,0.0,0
2529,10.0,1,3.0,1.0,1,3.0,2.0,0
2530,2.0,0,7.0,3.0,0,15.0,9.0,1
2531,9.0,1,1.0,1.0,1,1.0,0.0,1
2532,7.0,1,1.0,0.0,1,2.0,1.0,0
2533,9.0,1,3.0,0.0,1,2.0,0.0,0
2534,2.0,0,5.0,3.0,0,14.0,5.0,1
2535,4.0,1,3.0,0.0,1,4.0,0.0,0
2536,3.0,0,6.0,3.0,0,5.0,9.0,1
2537,1.0,0,6.0,3.0,0,8.0,6.0,1
2538,0.0,0,9.0,5.0,0,8.0,7.0,1
2539,1.0,0,9.0,3.0,0,5.0,3.0,1
2540,1.0,0,9.0,6.0,0,14.0,7.0,1
2541,4.0,1,3.0,1.0,1,4.0,2.0,0
2542,0.0,0,9.0,5.0,0,14.0,4.0,1
2543,1.0,0,4.0,4.0,0,13.0,7.0,1
2544,7.0,1,2.0,2.0,1,4.0,0.0,0
2545,1.0,0,6.0,4.0,0,5.0,6.0,1
2546,1.0,0,7.0,3.0,0,12.0,8.0,1
2547,1.0,0,7.0,4.0,0,9.0,6.0,1
2548,3.0,0,7.0,6.0,0,6.0,4.0,1
2549,0.0,0,8.0,5.0,0,5.0,8.0,1
2550,3.0,0,7.0,4.0,0,8.0,6.0,1
2551,2.0,0,9.0,5.0,0,11.0,6.0,1
2552,3.0,0,5.0,6.0,0,8.0,8.0,1
2553,3.0,0,6.0,4.0,0,10.0,7.0,1
2554,7.0,1,1.0,0.0,1,2.0,1.0,1
2555,9.0,1,2.0,2.0,1,1.0,0.0,1
2556,11.0,1,2.0,2.0,1,4.0,2.0,0
2557,0.0,0,3.0,3.0,0,11.0,5.0,1
2558,8.0,1,2.0,2.0,1,2.0,0.0,1
2559,8.0,1,2.0,0.0,1,5.0,0.0,0
2560,2.0,0,6.0,3.0,0,10.0,3.0,1
2561,5.0,1,0.0,0.0,1,1.0,2.0,0
2562,1.0,0,6.0,5.0,0,12.0,6.0,0
2563,2.0,0,9.0,5.0,0,14.0,6.0,1
2564,9.0,1,3.0,2.0,0,2.0,0.0,0
2565,1.0,0,5.0,3.0,0,5.0,5.0,1
2566,1.0,0,6.0,3.0,0,11.0,6.0,1
2567,1.0,0,8.0,4.0,0,14.0,7.0,1
2568,9.0,1,0.0,1.0,1,5.0,2.0,0
2569,5.0,1,3.0,0.0,1,2.0,1.0,0
2570,11.0,1,0.0,2.0,1,3.0,2.0,1
2571,0.0,0,7.0,3.0,0,6.0,4.0,1
2572,2.0,0,7.0,3.0,0,8.0,4.0,1
2573,8.0,1,3.0,0.0,1,2.0,0.0,0
2574,1.0,0,9.0,4.0,0,9.0,8.0,1
2575,0.0,0,7.0,4.0,0,11.0,6.0,1
2576,3.0,0,4.0,3.0,0,14.0,8.0,1
2577,9.0,1,1.0,0.0,1,4.0,1.0,0
2578,3.0,0,5.0,5.0,0,14.0,8.0,1
2579,0.0,0,6.0,4.0,0,5.0,5.0,1
2580,1.0,0,8.0,6.0,0,10.0,7.0,1
2581,4.0,1,1.0,2.0,1,1.0,2.0,0
2582,1.0,0,7.0,3.0,0,8.0,6.0,1
2583,3.0,0,5.0,5.0,0,14.0,8.0,1
2584,4.0,1,3.0,1.0,1,2.0,1.0,0
2585,0.0,0,6.0,5.0,0,6.0,3.0,1
2586,3.0,0,9.0,5.0,0,11.0,3.0,1
2587,8.0,1,1.0,1.0,1,1.0,0.0,0
2588,5.0,1,3.0,2.0,1,3.0,1.0,0
2589,0.0,0,9.0,4.0,0,12.0,3.0,1
2590,9.0,1,3.0,0.0,1,2.0,2.0,0
2591,3.0,0,4.0,5.0,0,6.0,4.0,1
2592,2.0,0,8.0,5.0,0,13.0,7.0,0
2593,3.0,0,5.0,5.0,0,6.0,7.0,1
2594,9.0,1,2.0,1.0,1,3.0,3.0,0
2595,3.0,0,4.0,6.0,0,12.0,4.0,1
2596,0.0,0,4.0,6.0,0,6.0,3.0,1
2597,3.0,0,8.0,4.0,0,10.0,7.0,1
2598,2.0,0,8.0,5.0,0,14.0,5.0,1
2599,1.0,0,7.0,5.0,0,9.0,7.0,0
2600,2.0,0,7.0,6.0,0,6.0,7.0,1
2601,8.0,1,1.0,1.0,1,5.0,2.0,0
2602,5.0,1,1.0,2.0,1,4.0,0.0,0
2603,11.0,1,2.0,0.0,1,5.0,0.0,0
2604,2.0,0,5.0,6.0,0,13.0,7.0,1
2605,1.0,0,5.0,5.0,0,14.0,9.0,1
2606,2.0,0,7.0,6.0,0,7.0,9.0,1
2607,10.0,1,3.0,0.0,1,1.0,2.0,0
2608,7.0,1,1.0,0.0,1,5.0,2.0,0
2609,0.0,0,8.0,6.0,0,5.0,5.0,1
2610,10.0,1,3.0,0.0,1,3.0,1.0,0
2611,8.0,1,2.0,2.0,1,5.0,1.0,0
2612,4.0,1,3.0,1.0,1,5.0,0.0,0
2613,3.0,0,4.0,6.0,0,9.0,3.0,1
2614,3.0,0,9.0,6.0,0,12.0,5.0,1
2615,8.0,1,3.0,1.0,1,2.0,0.0,0
2616,10.0,1,1.0,0.0,1,2.0,1.0,0
2617,2.0,0,5.0,4.0,0,8.0,7.0,1
2618,0.0,0,4.0,6.0,0,9.0,5.0,1
2619,5.0,1,2.0,0.0,1,5.0,0.0,0
2620,2.0,0,9.0,5.0,0,14.0,6.0,1
2621,9.0,1,3.0,2.0,0,2.0,0.0,0
2622,10.0,1,3.0,1.0,1,4.0,3.0,0
2623,2.0,0,4.0,3.0,0,9.0,4.0,1
2624,6.0,1,2.0,1.0,1,1.0,2.0,0
2625,1.0,0,4.0,4.0,0,8.0,7.0,1
2626,4.0,1,2.0,0.0,1,2.0,2.0,0
2627,7.0,1,1.0,0.0,1,5.0,1.0,0
2628,0.0,0,5.0,3.0,0,15.0,5.0,1
2629,11.0,0,2.0,1.0,1,2.0,1.0,0
2630,2.0,0,5.0,3.0,0,10.0,9.0,1
2631,9.0,1,3.0,0.0,1,3.0,0.0,0
2632,7.0,1,2.0,2.0,1,2.0,0.0,0
2633,11.0,1,3.0,2.0,1,3.0,2.0,0
2634,1.0,0,4.0,6.0,0,5.0,3.0,1
2635,10.0,0,0.0,2.0,1,3.0,1.0,0
2636,3.0,0,9.0,6.0,0,7.0,8.0,1
2637,0.0,0,9.0,4.0,0,5.0,4.0,1
2638,2.0,0,7.0,3.0,0,11.0,7.0,1
2639,1.0,0,7.0,7.0,0,10.0,9.0,0
2640,1.0,0,9.0,3.0,0,8.0,9.0,1
2641,2.0,0,7.0,6.0,0,9.0,7.0,1
2642,2.0,0,4.0,4.0,0,9.0,7.0,1
2643,2.0,0,9.0,3.0,0,6.0,8.0,1
2644,1.0,0,3.0,6.0,0,8.0,6.0,1
2645,2.0,0,8.0,6.0,0,11.0,3.0,1
2646,1.0,0,8.0,6.0,0,12.0,7.0,0
2647,8.0,1,2.0,1.0,1,2.0,0.0,0
2648,10.0,1,0.0,1.0,1,3.0,1.0,1
2649,1.0,0,6.0,6.0,0,7.0,7.0,1
2650,3.0,0,4.0,6.0,0,5.0,9.0,1
2651,8.0,1,2.0,0.0,1,4.0,1.0,1
2652,4.0,1,0.0,0.0,1,2.0,0.0,0
2653,9.0,1,2.0,0.0,1,3.0,2.0,0
2654,2.0,0,7.0,4.0,0,5.0,7.0,1
2655,9.0,1,3.0,0.0,1,5.0,2.0,0
2656,4.0,1,3.0,1.0,1,4.0,1.0,0
2657,2.0,0,9.0,3.0,0,5.0,9.0,1
2658,5.0,1,2.0,0.0,1,4.0,3.0,0
2659,3.0,0,9.0,5.0,0,8.0,3.0,1
2660,9.0,0,1.0,0.0,1,4.0,0.0,0
2661,3.0,0,8.0,4.0,0,10.0,3.0,1
2662,8.0,1,2.0,0.0,1,1.0,0.0,0
2663,6.0,1,1.0,3.0,1,3.0,0.0,0
2664,11.0,1,2.0,0.0,1,5.0,1.0,0
2665,8.0,1,2.0,0.0,1,2.0,0.0,0
2666,11.0,1,2.0,2.0,1,3.0,0.0,0
2667,0.0,0,4.0,5.0,0,13.0,3.0,1
2668,0.0,0,5.0,5.0,0,7.0,9.0,1
2669,9.0,1,2.0,1.0,1,2.0,2.0,0
2670,3.0,0,4.0,3.0,0,15.0,9.0,1
2671,1.0,0,9.0,6.0,0,7.0,3.0,1
2672,0.0,0,5.0,3.0,0,5.0,5.0,1
2673,10.0,1,0.0,2.0,1,4.0,0.0,0
2674,3.0,0,9.0,3.0,0,9.0,8.0,1
2675,7.0,1,3.0,0.0,1,1.0,2.0,0
2676,11.0,1,1.0,0.0,1,2.0,1.0,0
2677,8.0,1,1.0,0.0,1,3.0,1.0,1
2678,2.0,0,9.0,7.0,0,14.0,5.0,0
2679,0.0,0,4.0,5.0,0,13.0,9.0,1
2680,3.0,0,7.0,3.0,0,7.0,8.0,1
2681,2.0,0,6.0,3.0,0,8.0,3.0,1
2682,0.0,0,4.0,3.0,0,5.0,4.0,1
2683,10.0,1,2.0,3.0,1,4.0,1.0,0
2684,5.0,1,3.0,1.0,1,3.0,1.0,0
2685,2.0,0,4.0,3.0,0,6.0,6.0,1
2686,11.0,1,1.0,2.0,1,2.0,2.0,0
2687,0.0,0,6.0,5.0,0,13.0,8.0,0
2688,4.0,1,2.0,0.0,1,3.0,2.0,0
2689,5.0,1,0.0,1.0,1,4.0,1.0,0
2690,7.0,1,2.0,0.0,1,4.0,1.0,0
2691,6.0,1,1.0,1.0,1,4.0,0.0,0
2692,1.0,0,7.0,5.0,0,12.0,3.0,1
2693,0.0,0,4.0,5.0,0,14.0,7.0,1
2694,3.0,0,5.0,4.0,0,10.0,6.0,1
2695,7.0,1,3.0,1.0,1,2.0,1.0,0
2696,10.0,1,1.0,1.0,1,1.0,2.0,0
2697,9.0,1,0.0,2.0,1,3.0,3.0,0
2698,2.0,0,5.0,4.0,0,6.0,8.0,1
2699,0.0,0,5.0,5.0,0,6.0,6.0,1
2700,10.0,1,1.0,1.0,1,2.0,0.0,0
2701,1.0,0,6.0,5.0,0,10.0,8.0,1
2702,5.0,1,2.0,2.0,1,5.0,0.0,0
2703,3.0,0,4.0,5.0,0,12.0,4.0,1
2704,3.0,0,3.0,5.0,0,12.0,3.0,1
2705,4.0,0,9.0,5.0,0,9.0,4.0,1
2706,0.0,0,6.0,3.0,0,7.0,7.0,1
2707,3.0,0,9.0,6.0,0,12.0,5.0,1
2708,6.0,1,2.0,0.0,1,5.0,1.0,0
2709,2.0,0,7.0,3.0,0,12.0,7.0,1
2710,7.0,1,1.0,1.0,1,5.0,2.0,0
2711,4.0,0,4.0,6.0,0,12.0,3.0,1
2712,2.0,0,4.0,3.0,0,5.0,3.0,1
2713,0.0,0,7.0,4.0,0,8.0,3.0,1
2714,6.0,1,2.0,1.0,1,3.0,2.0,0
2715,4.0,0,6.0,6.0,0,14.0,6.0,1
2716,3.0,0,8.0,6.0,0,11.0,9.0,1
2717,0.0,0,4.0,3.0,0,9.0,7.0,1
2718,7.0,1,0.0,1.0,1,1.0,0.0,0
2719,11.0,1,1.0,0.0,1,3.0,2.0,0
2720,11.0,1,0.0,1.0,1,3.0,1.0,0
2721,10.0,1,0.0,1.0,1,2.0,1.0,0
2722,2.0,0,6.0,3.0,0,11.0,7.0,1
2723,5.0,1,1.0,0.0,1,4.0,0.0,0
2724,1.0,0,5.0,6.0,0,13.0,6.0,1
2725,10.0,1,2.0,0.0,1,5.0,2.0,0
2726,9.0,1,0.0,2.0,1,3.0,1.0,0
2727,1.0,0,9.0,4.0,0,10.0,6.0,1
2728,0.0,0,7.0,3.0,0,12.0,7.0,1
2729,0.0,0,7.0,3.0,0,10.0,4.0,1
2730,2.0,0,8.0,5.0,0,6.0,8.0,1
2731,1.0,0,8.0,3.0,0,7.0,9.0,1
2732,11.0,1,1.0,2.0,1,2.0,2.0,0
2733,3.0,0,7.0,4.0,0,11.0,3.0,1
2734,3.0,0,3.0,4.0,0,7.0,4.0,1
2735,3.0,0,5.0,4.0,0,13.0,5.0,1
2736,8.0,1,2.0,0.0,1,5.0,0.0,0
2737,2.0,0,9.0,4.0,0,15.0,4.0,1
2738,11.0,1,2.0,1.0,1,5.0,3.0,0
2739,9.0,1,0.0,2.0,1,4.0,1.0,0
2740,8.0,1,2.0,1.0,1,3.0,0.0,0
2741,11.0,1,0.0,1.0,1,5.0,1.0,0
2742,2.0,0,7.0,4.0,0,7.0,7.0,1
2743,3.0,0,3.0,3.0,0,10.0,4.0,1
2744,2.0,0,6.0,3.0,0,9.0,9.0,1
2745,10.0,1,1.0,1.0,1,2.0,2.0,0
2746,7.0,1,2.0,2.0,1,2.0,2.0,0
2747,4.0,1,2.0,2.0,1,3.0,2.0,0
2748,3.0,0,4.0,3.0,0,15.0,8.0,1
2749,7.0,1,3.0,2.0,1,3.0,1.0,0
2750,1.0,0,9.0,6.0,0,14.0,7.0,1
2751,0.0,0,5.0,4.0,0,10.0,7.0,1
2752,10.0,1,1.0,1.0,1,4.0,1.0,0
2753,0.0,0,4.0,5.0,0,10.0,3.0,1
2754,8.0,1,2.0,0.0,1,4.0,0.0,1
2755,0.0,0,8.0,4.0,0,10.0,9.0,1
2756,3.0,0,5.0,6.0,0,9.0,3.0,1
2757,10.0,1,2.0,0.0,1,5.0,3.0,0
2758,7.0,1,2.0,2.0,1,5.0,2.0,0
2759,2.0,0,8.0,4.0,0,10.0,5.0,1
2760,1.0,0,5.0,4.0,0,15.0,8.0,1
2761,9.0,1,0.0,2.0,1,1.0,0.0,0
2762,2.0,0,9.0,3.0,0,12.0,5.0,1
2763,1.0,0,8.0,6.0,0,12.0,6.0,1
2764,3.0,0,5.0,4.0,0,6.0,3.0,1
2765,8.0,1,3.0,0.0,1,2.0,1.0,0
2766,0.0,0,9.0,6.0,0,8.0,6.0,1
2767,0.0,0,9.0,3.0,0,5.0,9.0,1
2768,10.0,1,0.0,0.0,1,4.0,1.0,0
2769,10.0,1,1.0,0.0,1,1.0,0.0,0
2770,0.0,0,4.0,5.0,0,15.0,7.0,1
2771,5.0,1,0.0,2.0,1,1.0,2.0,0
2772,4.0,0,7.0,6.0,0,11.0,7.0,1
2773,11.0,1,2.0,2.0,1,2.0,1.0,1
2774,4.0,1,2.0,1.0,1,2.0,0.0,0
2775,0.0,0,8.0,5.0,0,5.0,9.0,1
2776,5.0,1,1.0,0.0,1,5.0,2.0,0
2777,1.0,0,8.0,4.0,0,10.0,7.0,1
2778,5.0,1,1.0,1.0,1,2.0,2.0,0
2779,11.0,1,2.0,0.0,1,1.0,0.0,1
2780,10.0,1,3.0,0.0,1,1.0,0.0,0
2781,6.0,1,0.0,0.0,1,4.0,0.0,0
2782,1.0,0,4.0,5.0,0,7.0,8.0,1
2783,10.0,1,2.0,1.0,1,4.0,0.0,0
2784,1.0,0,8.0,3.0,0,12.0,9.0,1
2785,5.0,1,2.0,2.0,0,1.0,2.0,0
2786,1.0,0,4.0,3.0,0,15.0,3.0,1
2787,4.0,0,1.0,2.0,1,4.0,2.0,0
2788,0.0,0,6.0,3.0,0,14.0,5.0,1
2789,5.0,1,1.0,2.0,1,1.0,1.0,0
2790,5.0,1,2.0,2.0,1,3.0,2.0,0
2791,6.0,1,3.0,2.0,1,1.0,1.0,0
2792,4.0,1,0.0,2.0,1,2.0,0.0,0
2793,2.0,0,7.0,6.0,0,6.0,7.0,1
2794,7.0,1,3.0,0.0,1,1.0,2.0,0
2795,3.0,0,9.0,4.0,0,8.0,3.0,1
2796,10.0,1,0.0,1.0,1,3.0,0.0,0
2797,8.0,1,3.0,2.0,1,3.0,0.0,0
2798,3.0,0,8.0,3.0,0,8.0,6.0,1
2799,3.0,0,7.0,6.0,0,9.0,4.0,1
2800,5.0,1,3.0,0.0,1,2.0,1.0,0
2801,5.0,1,0.0,2.0,1,5.0,1.0,0
2802,5.0,1,0.0,0.0,1,4.0,2.0,0
2803,2.0,0,4.0,5.0,0,5.0,7.0,1
2804,1.0,0,7.0,6.0,0,15.0,3.0,1
2805,7.0,1,2.0,1.0,1,1.0,0.0,1
2806,2.0,0,7.0,4.0,0,7.0,3.0,1
2807,2.0,0,6.0,3.0,0,6.0,6.0,1
2808,3.0,0,8.0,5.0,0,11.0,6.0,1
2809,2.0,0,8.0,3.0,0,14.0,4.0,1
2810,11.0,1,1.0,2.0,1,1.0,0.0,0
2811,8.0,1,1.0,0.0,1,1.0,0.0,0
2812,7.0,1,3.0,1.0,0,1.0,1.0,0
2813,2.0,0,7.0,7.0,0,9.0,8.0,0
2814,0.0,0,9.0,6.0,0,14.0,7.0,1
2815,2.0,0,8.0,6.0,0,6.0,4.0,1
2816,4.0,1,0.0,2.0,1,3.0,1.0,0
2817,6.0,1,2.0,1.0,1,2.0,1.0,0
2818,8.0,1,1.0,1.0,1,2.0,2.0,0
2819,3.0,0,5.0,6.0,0,13.0,3.0,1
2820,9.0,1,0.0,2.0,1,1.0,0.0,0
2821,3.0,0,7.0,4.0,0,9.0,8.0,1
2822,8.0,1,2.0,0.0,1,1.0,1.0,0
2823,11.0,1,0.0,1.0,1,3.0,1.0,0
2824,1.0,0,7.0,3.0,0,7.0,4.0,1
2825,10.0,1,2.0,2.0,1,1.0,0.0,1
2826,5.0,1,1.0,2.0,1,4.0,0.0,0
2827,2.0,0,8.0,5.0,0,7.0,9.0,1
2828,2.0,0,4.0,4.0,0,10.0,3.0,1
2829,3.0,0,7.0,5.0,0,6.0,4.0,1
2830,8.0,1,1.0,0.0,1,2.0,1.0,0
2831,3.0,0,5.0,6.0,0,12.0,5.0,1
2832,2.0,0,4.0,4.0,0,9.0,8.0,1
2833,11.0,1,0.0,0.0,1,3.0,2.0,1
2834,8.0,1,2.0,1.0,1,1.0,1.0,0
2835,1.0,0,8.0,5.0,0,11.0,8.0,0
2836,4.0,1,1.0,0.0,1,4.0,1.0,0
2837,2.0,0,5.0,4.0,0,6.0,7.0,1
2838,7.0,1,3.0,1.0,1,5.0,1.0,0
2839,7.0,1,2.0,2.0,1,1.0,1.0,1
2840,2.0,0,8.0,6.0,0,12.0,4.0,1
2841,4.0,1,2.0,0.0,1,3.0,0.0,0
2842,2.0,0,8.0,5.0,0,12.0,5.0,1
2843,10.0,1,2.0,1.0,1,3.0,1.0,0
2844,11.0,1,1.0,0.0,1,3.0,2.0,1
2845,4.0,1,0.0,2.0,1,5.0,2.0,0
2846,0.0,0,5.0,6.0,0,12.0,7.0,1
2847,1.0,0,7.0,3.0,0,9.0,3.0,1
2848,1.0,0,8.0,4.0,0,5.0,5.0,1
2849,2.0,0,4.0,5.0,0,6.0,4.0,1
2850,0.0,0,9.0,3.0,0,11.0,3.0,1
2851,1.0,0,4.0,3.0,0,10.0,4.0,1
2852,10.0,1,2.0,0.0,1,3.0,1.0,1
2853,1.0,0,5.0,5.0,0,13.0,6.0,1
2854,5.0,1,0.0,2.0,1,5.0,1.0,0
2855,1.0,0,9.0,4.0,0,10.0,8.0,1
2856,1.0,0,7.0,5.0,0,10.0,5.0,1
2857,2.0,0,5.0,3.0,0,9.0,3.0,1
2858,1.0,0,9.0,5.0,0,11.0,8.0,0
2859,2.0,0,7.0,4.0,0,13.0,7.0,1
2860,5.0,1,2.0,1.0,1,2.0,2.0,0
2861,1.0,0,6.0,5.0,0,14.0,5.0,1
2862,9.0,1,2.0,0.0,1,3.0,2.0,0
2863,1.0,0,4.0,6.0,0,9.0,5.0,1
2864,2.0,0,4.0,4.0,0,8.0,7.0,1
2865,1.0,0,6.0,7.0,0,13.0,7.0,0
2866,3.0,0,8.0,3.0,0,6.0,7.0,1
2867,8.0,1,3.0,3.0,1,4.0,2.0,0
2868,2.0,0,5.0,4.0,0,7.0,8.0,1
2869,2.0,0,7.0,5.0,0,14.0,3.0,1
2870,2.0,0,5.0,3.0,0,7.0,4.0,1
2871,3.0,0,5.0,4.0,0,7.0,4.0,1
2872,0.0,0,6.0,4.0,0,13.0,3.0,1
2873,8.0,1,2.0,1.0,1,2.0,1.0,0
2874,4.0,1,1.0,2.0,1,5.0,0.0,0
2875,0.0,0,8.0,5.0,0,14.0,5.0,1
2876,1.0,0,7.0,6.0,0,5.0,9.0,1
2877,2.0,0,5.0,6.0,0,7.0,6.0,1
2878,2.0,0,7.0,4.0,0,12.0,8.0,1
2879,9.0,1,2.0,1.0,1,5.0,0.0,0
2880,0.0,0,6.0,3.0,0,7.0,5.0,1
2881,4.0,1,1.0,2.0,1,1.0,2.0,0
2882,1.0,0,9.0,3.0,0,7.0,6.0,1
2883,7.0,1,2.0,2.0,1,1.0,1.0,0
2884,11.0,1,0.0,2.0,1,3.0,1.0,0
2885,10.0,1,0.0,0.0,0,2.0,0.0,0
2886,7.0,1,0.0,0.0,1,5.0,2.0,0
2887,0.0,0,9.0,6.0,0,6.0,3.0,1
2888,5.0,1,0.0,1.0,1,1.0,0.0,0
2889,6.0,1,0.0,0.0,1,3.0,0.0,0
2890,8.0,1,2.0,0.0,1,1.0,2.0,0
2891,6.0,1,3.0,1.0,1,5.0,1.0,0
2892,9.0,1,2.0,0.0,1,1.0,2.0,0
2893,9.0,0,2.0,0.0,1,4.0,2.0,0
2894,0.0,0,9.0,3.0,0,12.0,3.0,1
2895,3.0,0,7.0,6.0,0,6.0,6.0,1
2896,3.0,0,8.0,3.0,0,14.0,9.0,1
2897,4.0,1,1.0,1.0,1,4.0,0.0,0
2898,11.0,1,1.0,3.0,1,2.0,0.0,0
2899,3.0,0,6.0,6.0,0,6.0,9.0,1
